"unit","period","first_treat","outcome","lpop","lpop_t"
8001,2003,2007,8.46146904264388,5.8967609333053,1.17935218666106
8001,2004,2007,8.33686963728496,5.8967609333053,2.35870437332212
8001,2005,2007,8.34021732094704,5.8967609333053,3.53805655998318
8001,2006,2007,8.37816098272068,5.8967609333053,4.71740874664424
8001,2007,2007,8.48735234940522,5.8967609333053,5.8967609333053
8019,2003,2007,4.99721227376411,2.23237719795055,0.44647543959011
8019,2004,2007,5.08140436498446,2.23237719795055,0.89295087918022
8019,2005,2007,4.78749174278205,2.23237719795055,1.33942631877033
8019,2006,2007,4.99043258677874,2.23237719795055,1.78590175836044
8019,2007,2007,5.03695260241363,2.23237719795055,2.23237719795055
8023,2003,2007,2.19722457733622,1.29828248379668,0.259656496759335
8023,2004,2007,2.30258509299405,1.29828248379668,0.519312993518671
8023,2005,2007,2.77258872223978,1.29828248379668,0.778969490278006
8023,2006,2007,1.94591014905531,1.29828248379668,1.03862598703734
8023,2007,2007,2.99573227355399,1.29828248379668,1.29828248379668
8029,2003,2007,5.88332238848828,3.32625829499766,0.665251658999532
8029,2004,2007,5.78996017089725,3.32625829499766,1.33050331799906
8029,2005,2007,5.85793315448346,3.32625829499766,1.9957549769986
8029,2006,2007,5.99893656194668,3.32625829499766,2.66100663599813
8029,2007,2007,6.10479323241498,3.32625829499766,3.32625829499766
8041,2003,2007,8.96865090337487,6.24790553432335,1.24958110686467
8041,2004,2007,8.9157008189569,6.24790553432335,2.49916221372934
8041,2005,2007,8.90095787254506,6.24790553432335,3.74874332059401
8041,2006,2007,8.90272766403552,6.24790553432335,4.99832442745868
8041,2007,2007,8.88100262425557,6.24790553432335,6.24790553432335
8063,2003,2007,4.9416424226093,2.08081559723298,0.416163119446596
8063,2004,2007,4.86753445045558,2.08081559723298,0.832326238893192
8063,2005,2007,4.66343909411207,2.08081559723298,1.24848935833979
8063,2006,2007,4.81218435537242,2.08081559723298,1.66465247778638
8063,2007,2007,4.91998092582813,2.08081559723298,2.08081559723298
8075,2003,2007,5.6970934865054,3.02061998906177,0.604123997812354
8075,2004,2007,5.63121178182137,3.02061998906177,1.20824799562471
8075,2005,2007,5.72031177660741,3.02061998906177,1.81237199343706
8075,2006,2007,5.79605775076537,3.02061998906177,2.41649599124942
8075,2007,2007,5.56068163101553,3.02061998906177,3.02061998906177
8103,2003,2007,4.45434729625351,1.78942340943051,0.357884681886101
8103,2004,2007,4.58496747867057,1.78942340943051,0.715769363772203
8103,2005,2007,4.75359019110636,1.78942340943051,1.0736540456583
8103,2006,2007,4.90527477843843,1.78942340943051,1.43153872754441
8103,2007,2007,4.71849887129509,1.78942340943051,1.78942340943051
8117,2003,2007,6.37842618365159,3.15904089116601,0.631808178233203
8117,2004,2007,6.27476202124194,3.15904089116601,1.26361635646641
8117,2005,2007,6.2841341610708,3.15904089116601,1.89542453469961
8117,2006,2007,6.3818160174061,3.15904089116601,2.52723271293281
8117,2007,2007,6.43133108193348,3.15904089116601,3.15904089116601
8123,2003,2007,7.7553388128465,5.19814337757751,1.0396286755155
8123,2004,2007,7.68799716639302,5.19814337757751,2.079257351031
8123,2005,2007,7.75405263903576,5.19814337757751,3.11888602654651
8123,2006,2007,7.78945456608667,5.19814337757751,4.15851470206201
8123,2007,2007,7.80302664363222,5.19814337757751,5.19814337757751
12007,2003,2006,5.50125821054473,3.26147543848702,0.652295087697404
12007,2004,2006,5.59471137960184,3.26147543848702,1.30459017539481
12007,2005,2006,5.24702407216049,3.26147543848702,1.95688526309221
12007,2006,2006,5.43372200355424,3.26147543848702,2.60918035078961
12007,2007,2006,5.44241771052179,3.26147543848702,3.26147543848702
12019,2003,2006,7.77275271646874,4.94743987059911,0.989487974119822
12019,2004,2006,7.81116338502528,4.94743987059911,1.97897594823964
12019,2005,2006,7.80139132029149,4.94743987059911,2.96846392235947
12019,2006,2006,7.86326672400957,4.94743987059911,3.95795189647929
12019,2007,2006,7.87016594646984,4.94743987059911,4.94743987059911
12023,2003,2006,6.99117688712121,4.03447070018167,0.806894140036335
12023,2004,2006,6.53813982376767,4.03447070018167,1.61378828007267
12023,2005,2006,6.59030104819669,4.03447070018167,2.420682420109
12023,2006,2006,6.5510803350434,4.03447070018167,3.22757656014534
12023,2007,2006,6.71780469502369,4.03447070018167,4.03447070018167
12029,2003,2006,3.85014760171006,2.62662320240648,0.525324640481296
12029,2004,2006,4.07753744390572,2.62662320240648,1.05064928096259
12029,2005,2006,4.35670882668959,2.62662320240648,1.57597392144389
12029,2006,2006,4.31748811353631,2.62662320240648,2.10129856192518
12029,2007,2006,4.33073334028633,2.62662320240648,2.62662320240648
12051,2003,2006,6.42648845745769,3.58933532377755,0.71786706475551
12051,2004,2006,6.42324696353352,3.58933532377755,1.43573412951102
12051,2005,2006,6.37331978957701,3.58933532377755,2.15360119426653
12051,2006,2006,6.4118182677099,3.58933532377755,2.87146825902204
12051,2007,2006,6.37331978957701,3.58933532377755,3.58933532377755
12071,2003,2006,8.75872660784204,6.08879087493748,1.2177581749875
12071,2004,2006,8.79845469606509,6.08879087493748,2.43551634997499
12071,2005,2006,8.99118884193151,6.08879087493748,3.65327452496249
12071,2006,2006,9.1516513756275,6.08879087493748,4.87103269994998
12071,2007,2006,9.06843112579349,6.08879087493748,6.08879087493748
12087,2003,2006,6.72383244082121,4.37687589234631,0.875375178469263
12087,2004,2006,6.79234442747081,4.37687589234631,1.75075035693853
12087,2005,2006,6.75809450442773,4.37687589234631,2.62612553540779
12087,2006,2006,6.74641212857337,4.37687589234631,3.50150071387705
12087,2007,2006,6.74758652682932,4.37687589234631,4.37687589234631
12093,2003,2006,5.72358510195238,3.58101580823799,0.716203161647598
12093,2004,2006,6.01126717440416,3.58101580823799,1.4324063232952
12093,2005,2006,6.10255859461357,3.58101580823799,2.14860948494279
12093,2006,2006,6.0913098820777,3.58101580823799,2.86481264659039
12093,2007,2006,6.14418563412565,3.58101580823799,3.58101580823799
12097,2003,2006,7.59085212368858,5.15035665593789,1.03007133118758
12097,2004,2006,7.59387784460512,5.15035665593789,2.06014266237516
12097,2005,2006,7.76556908109732,5.15035665593789,3.09021399356273
12097,2006,2006,7.87321705486274,5.15035665593789,4.12028532475031
12097,2007,2006,7.84737183615979,5.15035665593789,5.15035665593789
12099,2003,2006,9.76864100976636,7.03102015077071,1.40620403015414
12099,2004,2006,9.62918227712599,7.03102015077071,2.81240806030828
12099,2005,2006,9.72202562615406,7.03102015077071,4.21861209046242
12099,2006,2006,9.81623978397185,7.03102015077071,5.62481612061657
12099,2007,2006,9.89363921648131,7.03102015077071,7.03102015077071
12109,2003,2006,7.55066124310534,4.81328131446834,0.962656262893668
12109,2004,2006,7.62705741701893,4.81328131446834,1.92531252578734
12109,2005,2006,7.71199650704767,4.81328131446834,2.887968788681
12109,2006,2006,7.86288203464149,4.81328131446834,3.85062505157467
12109,2007,2006,7.8811822022271,4.81328131446834,4.81328131446834
12113,2003,2006,7.09090982207998,4.76850428314641,0.953700856629282
12113,2004,2006,7.16394668434255,4.76850428314641,1.90740171325856
12113,2005,2006,7.36073990305828,4.76850428314641,2.86110256988785
12113,2006,2006,7.40306109109009,4.76850428314641,3.81480342651713
12113,2007,2006,7.33367639565768,4.76850428314641,4.76850428314641
12121,2003,2006,5.67332326717149,3.55088095595665,0.710176191191329
12121,2004,2006,5.6970934865054,3.55088095595665,1.42035238238266
12121,2005,2006,5.70044357339069,3.55088095595665,2.13052857357399
12121,2006,2006,5.77765232322266,3.55088095595665,2.84070476476532
12121,2007,2006,5.78382518232974,3.55088095595665,3.55088095595665
13011,2003,0,5.27299955856375,2.66875481849457,0.533750963698914
13011,2004,0,5.31320597904179,2.66875481849457,1.06750192739783
13011,2005,0,5.49306144334055,2.66875481849457,1.60125289109674
13011,2006,0,5.59842195899838,2.66875481849457,2.13500385479565
13011,2007,0,5.57215403217776,2.66875481849457,2.66875481849457
13013,2003,0,6.18826412308259,3.83176694166248,0.766353388332497
13013,2004,0,6.18208490671663,3.83176694166248,1.53270677666499
13013,2005,0,6.25575004175337,3.83176694166248,2.29906016499749
13013,2006,0,6.4377516497364,3.83176694166248,3.06541355332999
13013,2007,0,6.40191719672719,3.83176694166248,3.83176694166248
13019,2003,0,5.56452040732269,2.78716940555481,0.557433881110962
13019,2004,0,5.55682806169954,2.78716940555481,1.11486776222192
13019,2005,0,5.65599181081985,2.78716940555481,1.67230164333289
13019,2006,0,5.62762111369064,2.78716940555481,2.22973552444385
13019,2007,0,4.99721227376411,2.78716940555481,2.78716940555481
13021,2003,0,7.73892375743946,5.03621856684166,1.00724371336833
13021,2004,0,7.72797554210556,5.03621856684166,2.01448742673666
13021,2005,0,7.73149202924568,5.03621856684166,3.02173114010499
13021,2006,0,7.70975686445416,5.03621856684166,4.02897485347333
13021,2007,0,7.60738142563979,5.03621856684166,5.03621856684166
13037,2003,0,2.77258872223978,1.84371920815877,0.368743841631753
13037,2004,0,3.04452243772342,1.84371920815877,0.737487683263506
13037,2005,0,2.70805020110221,1.84371920815877,1.10623152489526
13037,2006,0,3.17805383034795,1.84371920815877,1.47497536652701
13037,2007,0,3.46573590279973,1.84371920815877,1.84371920815877
13039,2003,0,6.22455842927536,3.77652396396598,0.755304792793197
13039,2004,0,6.29156913955832,3.77652396396598,1.51060958558639
13039,2005,0,6.35610766069589,3.77652396396598,2.26591437837959
13039,2006,0,6.34212141872115,3.77652396396598,3.02121917117279
13039,2007,0,6.29341927884648,3.77652396396598,3.77652396396598
13049,2003,0,4.62497281328427,2.33039479363331,0.466078958726663
13049,2004,0,4.46590811865458,2.33039479363331,0.932157917453325
13049,2005,0,4.66343909411207,2.33039479363331,1.39823687617999
13049,2006,0,4.70048036579242,2.33039479363331,1.86431583490665
13049,2007,0,4.75359019110636,2.33039479363331,2.33039479363331
13057,2003,0,7.42237370098682,4.95514372559156,0.991028745118313
13057,2004,0,7.49997654095212,4.95514372559156,1.98205749023663
13057,2005,0,7.62608275807238,4.95514372559156,2.97308623535494
13057,2006,0,7.71378461659875,4.95514372559156,3.96411498047325
13057,2007,0,7.80343505695217,4.95514372559156,4.95514372559156
13077,2003,0,7.11314210870709,4.49104918688339,0.898209837376678
13077,2004,0,7.07834157955767,4.49104918688339,1.79641967475336
13077,2005,0,7.10414409298753,4.49104918688339,2.69462951213004
13077,2006,0,7.16162200293919,4.49104918688339,3.59283934950671
13077,2007,0,7.26332961747684,4.49104918688339,4.49104918688339
13079,2003,0,4.02535169073515,2.52532856428692,0.505065712857383
13079,2004,0,3.66356164612965,2.52532856428692,1.01013142571477
13079,2005,0,3.43398720448515,2.52532856428692,1.51519713857215
13079,2006,0,3.40119738166216,2.52532856428692,2.02026285142953
13079,2007,0,3.13549421592915,2.52532856428692,2.52532856428692
13093,2003,0,3.76120011569356,2.44451858888271,0.488903717776542
13093,2004,0,3.73766961828337,2.44451858888271,0.977807435553085
13093,2005,0,3.63758615972639,2.44451858888271,1.46671115332963
13093,2006,0,4.0943445622221,2.44451858888271,1.95561487110617
13093,2007,0,4.34380542185368,2.44451858888271,2.44451858888271
13097,2003,0,7.42714413340862,4.52367809513269,0.904735619026538
13097,2004,0,7.46794233228585,4.52367809513269,1.80947123805308
13097,2005,0,7.57507169950756,4.52367809513269,2.71420685707961
13097,2006,0,7.71512360363211,4.52367809513269,3.61894247610615
13097,2007,0,7.82763954636642,4.52367809513269,4.52367809513269
13109,2003,0,5.19849703126583,2.3508989532726,0.470179790654519
13109,2004,0,5.15905529921453,2.3508989532726,0.940359581309039
13109,2005,0,5.21493575760899,2.3508989532726,1.41053937196356
13109,2006,0,5.13579843705026,2.3508989532726,1.88071916261808
13109,2007,0,5.20948615284142,2.3508989532726,2.3508989532726
13113,2003,0,7.42535788702715,4.51374544806874,0.902749089613749
13113,2004,0,7.44366368311559,4.51374544806874,1.8054981792275
13113,2005,0,7.45182223652793,4.51374544806874,2.70824726884125
13113,2006,0,7.51752085060303,4.51374544806874,3.610996358455
13113,2007,0,7.63723438878947,4.51374544806874,4.51374544806874
13117,2003,0,7.33106030521863,4.58911193973939,0.917822387947878
13117,2004,0,7.38894609761844,4.58911193973939,1.83564477589576
13117,2005,0,7.52779398772144,4.58911193973939,2.75346716384363
13117,2006,0,7.64730883235624,4.58911193973939,3.67128955179151
13117,2007,0,7.63819824428578,4.58911193973939,4.58911193973939
13129,2003,0,6.44571981938558,3.78655048128738,0.757310096257476
13129,2004,0,6.37672694789863,3.78655048128738,1.51462019251495
13129,2005,0,6.361302477573,3.78655048128738,2.27193028877243
13129,2006,0,6.35437004079735,3.78655048128738,3.02924038502991
13129,2007,0,6.39859493453521,3.78655048128738,3.78655048128738
13135,2003,0,9.19482056031815,6.37748856255844,1.27549771251169
13135,2004,0,9.14590851181679,6.37748856255844,2.55099542502338
13135,2005,0,9.19482056031815,6.37748856255844,3.82649313753507
13135,2006,0,9.29504909990314,6.37748856255844,5.10199085004675
13135,2007,0,9.29569203907569,6.37748856255844,6.37748856255844
13147,2003,0,5.5834963087817,3.13536377263918,0.627072754527837
13147,2004,0,5.44241771052179,3.13536377263918,1.25414550905567
13147,2005,0,5.5834963087817,3.13536377263918,1.88121826358351
13147,2006,0,5.51342874616498,3.13536377263918,2.50829101811135
13147,2007,0,5.57215403217776,3.13536377263918,3.13536377263918
13155,2003,0,4.06044301054642,2.29566117792122,0.459132235584244
13155,2004,0,3.8286413964891,2.29566117792122,0.918264471168489
13155,2005,0,4.12713438504509,2.29566117792122,1.37739670675273
13155,2006,0,3.8286413964891,2.29566117792122,1.83652894233698
13155,2007,0,3.87120101090789,2.29566117792122,2.29566117792122
13161,2003,0,5.01063529409626,2.5403413566761,0.50806827133522
13161,2004,0,4.91265488573605,2.5403413566761,1.01613654267044
13161,2005,0,5.07517381523383,2.5403413566761,1.52420481400566
13161,2006,0,5.19849703126583,2.5403413566761,2.03227308534088
13161,2007,0,5.23644196282995,2.5403413566761,2.5403413566761
13179,2003,0,6.02344759296103,4.12082419502648,0.824164839005296
13179,2004,0,5.91620206260743,4.12082419502648,1.64832967801059
13179,2005,0,6.17586727010576,4.12082419502648,2.47249451701589
13179,2006,0,6.13556489108174,4.12082419502648,3.29665935602118
13179,2007,0,6.15060276844628,4.12082419502648,4.12082419502648
13195,2003,0,4.75359019110636,3.24765762629365,0.649531525258731
13195,2004,0,4.77912349311153,3.24765762629365,1.29906305051746
13195,2005,0,4.66343909411207,3.24765762629365,1.94859457577619
13195,2006,0,4.87519732320115,3.24765762629365,2.59812610103492
13195,2007,0,5.00394630594546,3.24765762629365,3.24765762629365
13197,2003,0,3.73766961828337,1.9662728435742,0.39325456871484
13197,2004,0,3.63758615972639,1.9662728435742,0.786509137429679
13197,2005,0,3.52636052461616,1.9662728435742,1.17976370614452
13197,2006,0,3.89182029811063,1.9662728435742,1.57301827485936
13197,2007,0,3.95124371858143,1.9662728435742,1.9662728435742
13209,2003,0,3.8286413964891,2.1126345090356,0.42252690180712
13209,2004,0,3.40119738166216,2.1126345090356,0.84505380361424
13209,2005,0,3.55534806148941,2.1126345090356,1.26758070542136
13209,2006,0,3.66356164612965,2.1126345090356,1.69010760722848
13209,2007,0,3.58351893845611,2.1126345090356,2.1126345090356
13211,2003,0,5.19295685089021,2.73806197517018,0.547612395034036
13211,2004,0,5.18738580584075,2.73806197517018,1.09522479006807
13211,2005,0,5.28320372873799,2.73806197517018,1.64283718510211
13211,2006,0,5.605802066296,2.73806197517018,2.19044958013615
13211,2007,0,5.59471137960184,2.73806197517018,2.73806197517018
13213,2003,0,5.71042701737487,3.59747663064059,0.719495326128119
13213,2004,0,5.68357976733868,3.59747663064059,1.43899065225624
13213,2005,0,5.38449506278909,3.59747663064059,2.15848597838436
13213,2006,0,5.72031177660741,3.59747663064059,2.87798130451247
13213,2007,0,5.65248918026865,3.59747663064059,3.59747663064059
13217,2003,0,6.45204895443723,4.12715051394728,0.825430102789456
13217,2004,0,6.49677499018586,4.12715051394728,1.65086020557891
13217,2005,0,6.51619307604296,4.12715051394728,2.47629030836837
13217,2006,0,6.62804137617953,4.12715051394728,3.30172041115782
13217,2007,0,6.62539236800796,4.12715051394728,4.12715051394728
13223,2003,0,6.38519439899773,4.40278468775839,0.880556937551678
13223,2004,0,6.48463523563525,4.40278468775839,1.76111387510336
13223,2005,0,6.71295620067707,4.40278468775839,2.64167081265503
13223,2006,0,6.80682936039218,4.40278468775839,3.52222775020671
13223,2007,0,6.98471632011827,4.40278468775839,4.40278468775839
13227,2003,0,5.32300997913841,3.13475481220279,0.626950962440559
13227,2004,0,5.4380793089232,3.13475481220279,1.25390192488112
13227,2005,0,5.37527840768417,3.13475481220279,1.88085288732168
13227,2006,0,5.40717177146012,3.13475481220279,2.50780384976223
13227,2007,0,5.4510384535657,3.13475481220279,3.13475481220279
13233,2003,0,5.96614673912369,3.64092269256804,0.728184538513609
13233,2004,0,5.92692602597041,3.64092269256804,1.45636907702722
13233,2005,0,5.94803498918065,3.64092269256804,2.18455361554083
13233,2006,0,5.90808293816893,3.64092269256804,2.91273815405443
13233,2007,0,5.91079664404053,3.64092269256804,3.64092269256804
13237,2003,0,5.00394630594546,2.9344949640828,0.58689899281656
13237,2004,0,5.03695260241363,2.9344949640828,1.17379798563312
13237,2005,0,5.08759633523238,2.9344949640828,1.76069697844968
13237,2006,0,5.52545293913178,2.9344949640828,2.34759597126624
13237,2007,0,5.4249500174814,2.9344949640828,2.9344949640828
13241,2003,0,5.4510384535657,2.71137799119488,0.542275598238977
13241,2004,0,5.26269018890489,2.71137799119488,1.08455119647795
13241,2005,0,5.4249500174814,2.71137799119488,1.62682679471693
13241,2006,0,5.37063802812766,2.71137799119488,2.16910239295591
13241,2007,0,5.40717177146012,2.71137799119488,2.71137799119488
13263,2003,0,2.39789527279837,1.87149443724691,0.374298887449382
13263,2004,0,2.77258872223978,1.87149443724691,0.748597774898763
13263,2005,0,1.94591014905531,1.87149443724691,1.12289666234815
13263,2006,0,1.79175946922805,1.87149443724691,1.49719554979753
13263,2007,0,2.30258509299405,1.87149443724691,1.87149443724691
13271,2003,0,4.68213122712422,2.46759092757831,0.493518185515662
13271,2004,0,4.86753445045558,2.46759092757831,0.987036371031325
13271,2005,0,5.16478597392351,2.46759092757831,1.48055455654699
13271,2006,0,5.28320372873799,2.46759092757831,1.97407274206265
13271,2007,0,5.19295685089021,2.46759092757831,2.46759092757831
13273,2003,0,3.98898404656427,2.39516427428714,0.479032854857428
13273,2004,0,4.0943445622221,2.39516427428714,0.958065709714856
13273,2005,0,4.17438726989564,2.39516427428714,1.43709856457228
13273,2006,0,4.18965474202643,2.39516427428714,1.91613141942971
13273,2007,0,4.0943445622221,2.39516427428714,2.39516427428714
13297,2003,0,6.53233429222235,4.10572950708866,0.821145901417733
13297,2004,0,6.4085287910595,4.10572950708866,1.64229180283547
13297,2005,0,6.35437004079735,4.10572950708866,2.4634377042532
13297,2006,0,6.52649485957079,4.10572950708866,3.28458360567093
13297,2007,0,6.62936325343745,4.10572950708866,4.10572950708866
13303,2003,0,5.11799381241676,3.0528684649248,0.61057369298496
13303,2004,0,4.99043258677874,3.0528684649248,1.22114738596992
13303,2005,0,4.969813299576,3.0528684649248,1.83172107895488
13303,2006,0,4.93447393313069,3.0528684649248,2.44229477193984
13303,2007,0,5.04342511691925,3.0528684649248,3.0528684649248
13313,2003,0,7.15148546390474,4.42514598824282,0.885029197648564
13313,2004,0,7.15539630189673,4.42514598824282,1.77005839529713
13313,2005,0,7.20042489294496,4.42514598824282,2.65508759294569
13313,2006,0,7.27586460054653,4.42514598824282,3.54011679059426
13313,2007,0,7.18841273649695,4.42514598824282,4.42514598824282
13317,2003,0,4.92725368515721,2.36902804954276,0.473805609908552
13317,2004,0,4.74493212836325,2.36902804954276,0.947611219817104
13317,2005,0,4.64439089914137,2.36902804954276,1.42141682972566
13317,2006,0,4.59511985013459,2.36902804954276,1.89522243963421
13317,2007,0,4.54329478227,2.36902804954276,2.36902804954276
13321,2003,0,4.96284463025991,3.08954132723205,0.61790826544641
13321,2004,0,4.97673374242057,3.08954132723205,1.23581653089282
13321,2005,0,5.08759633523238,3.08954132723205,1.85372479633923
13321,2006,0,5.15329159449778,3.08954132723205,2.47163306178564
13321,2007,0,4.89034912822175,3.08954132723205,3.08954132723205
16003,2003,0,3.25809653802148,1.24588220740315,0.249176441480629
16003,2004,0,3.61091791264422,1.24588220740315,0.498352882961258
16003,2005,0,3.98898404656427,1.24588220740315,0.747529324441887
16003,2006,0,3.98898404656427,1.24588220740315,0.996705765922517
16003,2007,0,3.89182029811063,1.24588220740315,1.24588220740315
16015,2003,0,3.89182029811063,1.89761985992753,0.379523971985506
16015,2004,0,3.91202300542815,1.89761985992753,0.759047943971013
16015,2005,0,4.17438726989564,1.89761985992753,1.13857191595652
16015,2006,0,4.02535169073515,1.89761985992753,1.51809588794203
16015,2007,0,4.14313472639153,1.89761985992753,1.89761985992753
16017,2003,0,6.29710931993394,3.60644848013478,0.721289696026955
16017,2004,0,6.29894924685594,3.60644848013478,1.44257939205391
16017,2005,0,6.4281052726846,3.60644848013478,2.16386908808087
16017,2006,0,6.42971947803914,3.60644848013478,2.88515878410782
16017,2007,0,6.40522845803084,3.60644848013478,3.60644848013478
16021,2003,0,4.89783979995091,2.28960116543575,0.45792023308715
16021,2004,0,4.83628190695148,2.28960116543575,0.9158404661743
16021,2005,0,4.96284463025991,2.28960116543575,1.37376069926145
16021,2006,0,4.99721227376411,2.28960116543575,1.8316809323486
16021,2007,0,4.82028156560504,2.28960116543575,2.28960116543575
16029,2003,0,4.9416424226093,1.98842214329267,0.397684428658533
16029,2004,0,4.79579054559674,1.98842214329267,0.795368857317067
16029,2005,0,4.98360662170834,1.98842214329267,1.1930532859756
16029,2006,0,4.78749174278205,1.98842214329267,1.59073771463413
16029,2007,0,5.03695260241363,1.98842214329267,1.98842214329267
16041,2003,0,5.63835466933375,2.42736580989135,0.48547316197827
16041,2004,0,5.53733426701854,2.42736580989135,0.970946323956541
16041,2005,0,5.62762111369064,2.42736580989135,1.45641948593481
16041,2006,0,5.6937321388027,2.42736580989135,1.94189264791308
16041,2007,0,5.74939298590825,2.42736580989135,2.42736580989135
16045,2003,0,5.01727983681492,2.72004464595058,0.544008929190116
16045,2004,0,4.92725368515721,2.72004464595058,1.08801785838023
16045,2005,0,5.12989871492307,2.72004464595058,1.63202678757035
16045,2006,0,5.08759633523238,2.72004464595058,2.17603571676046
16045,2007,0,5.19849703126583,2.72004464595058,2.72004464595058
16067,2003,0,5.73334127689775,3.00439464663264,0.600878929326529
16067,2004,0,5.73979291217923,3.00439464663264,1.20175785865306
16067,2005,0,5.73334127689775,3.00439464663264,1.80263678797959
16067,2006,0,5.77455154554441,3.00439464663264,2.40351571730611
16067,2007,0,5.80814248998044,3.00439464663264,3.00439464663264
16079,2003,0,5.09375020080676,2.62256493174499,0.524512986348998
16079,2004,0,5.17614973257383,2.62256493174499,1.049025972698
16079,2005,0,5.14749447681345,2.62256493174499,1.57353895904699
16079,2006,0,5.24702407216049,2.62256493174499,2.09805194539599
16079,2007,0,5.38449506278909,2.62256493174499,2.62256493174499
16083,2003,0,7.20489251020467,4.16331076668682,0.832662153337365
16083,2004,0,7.18311170174328,4.16331076668682,1.66532430667473
16083,2005,0,7.14045304310116,4.16331076668682,2.49798646001209
16083,2006,0,7.23489842031483,4.16331076668682,3.33064861334946
16083,2007,0,7.28961052145117,4.16331076668682,4.16331076668682
17005,2003,2004,5.18738580584075,2.86977214642579,0.573954429285157
17005,2004,2004,5.06890420222023,2.86977214642579,1.14790885857031
17005,2005,2004,4.93447393313069,2.86977214642579,1.72186328785547
17005,2006,2004,4.89034912822175,2.86977214642579,2.29581771714063
17005,2007,2004,4.99043258677874,2.86977214642579,2.86977214642579
17015,2003,2004,5.42934562895444,2.81385061998842,0.562770123997684
17015,2004,2004,5.42053499927229,2.81385061998842,1.12554024799537
17015,2005,2004,5.50125821054473,2.81385061998842,1.68831037199305
17015,2006,2004,5.46806014113513,2.81385061998842,2.25108049599074
17015,2007,2004,5.4553211153577,2.81385061998842,2.81385061998842
17025,2003,2004,5.08759633523238,2.67827804276854,0.535655608553708
17025,2004,2004,5.00394630594546,2.67827804276854,1.07131121710742
17025,2005,2004,4.85203026391962,2.67827804276854,1.60696682566112
17025,2006,2004,4.98360662170834,2.67827804276854,2.14262243421483
17025,2007,2004,4.97673374242057,2.67827804276854,2.67827804276854
17035,2003,2004,4.92725368515721,2.42063475976786,0.484126951953572
17035,2004,2004,4.59511985013459,2.42063475976786,0.968253903907144
17035,2005,2004,4.44265125649032,2.42063475976786,1.45238085586072
17035,2006,2004,4.30406509320417,2.42063475976786,1.93650780781429
17035,2007,2004,4.46590811865458,2.42063475976786,2.42063475976786
17047,2003,2004,4.35670882668959,1.94175868650426,0.388351737300852
17047,2004,2004,4.39444915467244,1.94175868650426,0.776703474601705
17047,2005,2004,4.20469261939097,1.94175868650426,1.16505521190256
17047,2006,2004,4.00733318523247,1.94175868650426,1.55340694920341
17047,2007,2004,4.12713438504509,1.94175868650426,1.94175868650426
17049,2003,2004,6.99025650049388,3.53409524031307,0.706819048062614
17049,2004,2004,6.90975328164481,3.53409524031307,1.41363809612523
17049,2005,2004,6.87523208727658,3.53409524031307,2.12045714418784
17049,2006,2004,6.8330317327862,3.53409524031307,2.82727619225046
17049,2007,2004,6.87626461189077,3.53409524031307,3.53409524031307
17053,2003,2004,5.61677109766657,2.65612512823729,0.531225025647458
17053,2004,2004,5.48893772615669,2.65612512823729,1.06245005129492
17053,2005,2004,5.48893772615669,2.65612512823729,1.59367507694237
17053,2006,2004,5.51342874616498,2.65612512823729,2.12490010258983
17053,2007,2004,5.31320597904179,2.65612512823729,2.65612512823729
17063,2003,2004,6.58063913728495,3.62527383102497,0.725054766204993
17063,2004,2004,6.47697236288968,3.62527383102497,1.45010953240999
17063,2005,2004,6.49375383985169,3.62527383102497,2.17516429861498
17063,2006,2004,6.4831073514572,3.62527383102497,2.90021906481997
17063,2007,2004,6.5694814204143,3.62527383102497,3.62527383102497
17089,2003,2004,9.0067543198775,6.00170938904395,1.20034187780879
17089,2004,2004,8.96763166516713,6.00170938904395,2.40068375561758
17089,2005,2004,8.99118884193151,6.00170938904395,3.60102563342637
17089,2006,2004,8.97802993283716,6.00170938904395,4.80136751123516
17089,2007,2004,9.02509454366498,6.00170938904395,6.00170938904395
17097,2003,2004,9.27369068747694,6.46825136840052,1.2936502736801
17097,2004,2004,9.22147811638664,6.46825136840052,2.58730054736021
17097,2005,2004,9.2072355570227,6.46825136840052,3.88095082104031
17097,2006,2004,9.24599704918422,6.46825136840052,5.17460109472042
17097,2007,2004,9.23824732522919,6.46825136840052,6.46825136840052
17113,2003,2004,7.89095671613892,5.01351780234143,1.00270356046829
17113,2004,2004,7.77653502818524,5.01351780234143,2.00540712093657
17113,2005,2004,7.755767170103,5.01351780234143,3.00811068140486
17113,2006,2004,7.74022952476318,5.01351780234143,4.01081424187314
17113,2007,2004,7.8188324438034,5.01351780234143,5.01351780234143
17125,2003,2004,5.24702407216049,2.77496090638484,0.554992181276967
17125,2004,2004,5.25227342804663,2.77496090638484,1.10998436255393
17125,2005,2004,4.97673374242057,2.77496090638484,1.6649765438309
17125,2006,2004,4.99043258677874,2.77496090638484,2.21996872510787
17125,2007,2004,5.05624580534831,2.77496090638484,2.77496090638484
17135,2003,2004,6.07764224334903,3.42269791310816,0.684539582621632
17135,2004,2004,6.10255859461357,3.42269791310816,1.36907916524326
17135,2005,2004,6.15485809401642,3.42269791310816,2.05361874786489
17135,2006,2004,6.0137151560428,3.42269791310816,2.73815833048653
17135,2007,2004,6.01615715969835,3.42269791310816,3.42269791310816
17155,2003,2004,4.02535169073515,1.80599105147478,0.361198210294956
17155,2004,2004,3.73766961828337,1.80599105147478,0.722396420589912
17155,2005,2004,3.91202300542815,1.80599105147478,1.08359463088487
17155,2006,2004,3.78418963391826,1.80599105147478,1.44479284117982
17155,2007,2004,4.24849524204936,1.80599105147478,1.80599105147478
17161,2003,2004,7.87663846097546,5.0064532281027,1.00129064562054
17161,2004,2004,7.82404601085629,5.0064532281027,2.00258129124108
17161,2005,2004,7.86557175768479,5.0064532281027,3.00387193686162
17161,2006,2004,7.85166117788927,5.0064532281027,4.00516258248216
17161,2007,2004,7.82923253754359,5.0064532281027,5.0064532281027
17169,2003,2004,4.52178857704904,1.97255208000173,0.394510416000347
17169,2004,2004,4.53259949315326,1.97255208000173,0.789020832000694
17169,2005,2004,4.31748811353631,1.97255208000173,1.18353124800104
17169,2006,2004,4.38202663467388,1.97255208000173,1.57804166400139
17169,2007,2004,4.43081679884331,1.97255208000173,1.97255208000173
17193,2003,2004,5.4510384535657,2.7324826172428,0.546496523448559
17193,2004,2004,5.3890717298165,2.7324826172428,1.09299304689712
17193,2005,2004,5.25227342804663,2.7324826172428,1.63948957034568
17193,2006,2004,5.17614973257383,2.7324826172428,2.18598609379424
17193,2007,2004,5.27299955856375,2.7324826172428,2.7324826172428
17195,2003,2004,6.71780469502369,4.10516909830525,0.82103381966105
17195,2004,2004,6.6682282484174,4.10516909830525,1.6420676393221
17195,2005,2004,6.76849321164863,4.10516909830525,2.46310145898315
17195,2006,2004,6.68959926917897,4.10516909830525,3.2841352786442
17195,2007,2004,6.73221070646721,4.10516909830525,4.10516909830525
17199,2003,2004,6.81014245011514,4.11571458795829,0.823142917591659
17199,2004,2004,6.8596149036542,4.11571458795829,1.64628583518332
17199,2005,2004,6.77764659363512,4.11571458795829,2.46942875277498
17199,2006,2004,6.72982407048948,4.11571458795829,3.29257167036663
17199,2007,2004,6.77878489768518,4.11571458795829,4.11571458795829
17203,2003,2004,6.5191472879404,3.56865907554909,0.713731815109817
17203,2004,2004,6.44094654063292,3.56865907554909,1.42746363021963
17203,2005,2004,6.41673228251233,3.56865907554909,2.14119544532945
17203,2006,2004,6.46925031679577,3.56865907554909,2.85492726043927
17203,2007,2004,6.48616078894409,3.56865907554909,3.56865907554909
18005,2003,0,7.15305163493748,4.26878794531712,0.853757589063424
18005,2004,0,7.11720550316434,4.26878794531712,1.70751517812685
18005,2005,0,7.16626597413364,4.26878794531712,2.56127276719027
18005,2006,0,7.10002716662926,4.26878794531712,3.4150303562537
18005,2007,0,7.08170858610557,4.26878794531712,4.26878794531712
18017,2003,0,6.29156913955832,3.71186329050431,0.742372658100862
18017,2004,0,6.20455776256869,3.71186329050431,1.48474531620172
18017,2005,0,6.10255859461357,3.71186329050431,2.22711797430259
18017,2006,0,6.0913098820777,3.71186329050431,2.96949063240345
18017,2007,0,6.06145691892802,3.71186329050431,3.71186329050431
18019,2003,0,7.40610338123702,4.56925281080129,0.913850562160258
18019,2004,0,7.31388683163346,4.56925281080129,1.82770112432052
18019,2005,0,7.27931883541462,4.56925281080129,2.74155168648077
18019,2006,0,7.40974195408092,4.56925281080129,3.65540224864103
18019,2007,0,7.36897040219479,4.56925281080129,4.56925281080129
18021,2003,0,5.47227067367148,3.27925571085691,0.655851142171383
18021,2004,0,5.73657229747919,3.27925571085691,1.31170228434277
18021,2005,0,5.75574221358691,3.27925571085691,1.96755342651415
18021,2006,0,5.60947179518496,3.27925571085691,2.62340456868553
18021,2007,0,5.56068163101553,3.27925571085691,3.27925571085691
18023,2003,0,6.12029741895095,3.52241156124315,0.70448231224863
18023,2004,0,6.07073772800249,3.52241156124315,1.40896462449726
18023,2005,0,6.04263283368238,3.52241156124315,2.11344693674589
18023,2006,0,6.00141487796115,3.52241156124315,2.81792924899452
18023,2007,0,6.02344759296103,3.52241156124315,3.52241156124315
18029,2003,0,6.80239476332431,3.83100815871387,0.766201631742774
18029,2004,0,6.74405918631135,3.83100815871387,1.53240326348555
18029,2005,0,6.75693238924755,3.83100815871387,2.29860489522832
18029,2006,0,6.64898455002478,3.83100815871387,3.0648065269711
18029,2007,0,6.81014245011514,3.83100815871387,3.83100815871387
18033,2003,0,6.50727771238501,3.69597919122916,0.739195838245832
18033,2004,0,6.42162226780652,3.69597919122916,1.47839167649166
18033,2005,0,6.43615036836943,3.69597919122916,2.2175875147375
18033,2006,0,6.51174532964473,3.69597919122916,2.95678335298333
18033,2007,0,6.37842618365159,3.69597919122916,3.69597919122916
18035,2003,0,7.34729970074316,4.77718043011612,0.955436086023223
18035,2004,0,7.22766249872865,4.77718043011612,1.91087217204645
18035,2005,0,7.1929342212158,4.77718043011612,2.86630825806967
18035,2006,0,7.18992217074581,4.77718043011612,3.82174434409289
18035,2007,0,7.17472430983638,4.77718043011612,4.77718043011612
18053,2003,0,6.87109129461055,4.29596480671984,0.859192961343968
18053,2004,0,6.78105762593618,4.29596480671984,1.71838592268794
18053,2005,0,6.75809450442773,4.29596480671984,2.5775788840319
18053,2006,0,6.67076632084587,4.29596480671984,3.43677184537587
18053,2007,0,6.66568371778241,4.29596480671984,4.29596480671984
18063,2003,0,7.56060116276856,4.64528473032447,0.929056946064893
18063,2004,0,7.59789795052178,4.64528473032447,1.85811389212979
18063,2005,0,7.64444076155657,4.64528473032447,2.78717083819468
18063,2006,0,7.70616297019958,4.64528473032447,3.71622778425957
18063,2007,0,7.74066440191724,4.64528473032447,4.64528473032447
18081,2003,0,7.74975340627444,4.74674787021019,0.949349574042038
18081,2004,0,7.73805229768932,4.74674787021019,1.89869914808408
18081,2005,0,7.71868549519847,4.74674787021019,2.84804872212611
18081,2006,0,7.7106533235012,4.74674787021019,3.79739829616815
18081,2007,0,7.71646080017636,4.74674787021019,4.74674787021019
18083,2003,0,6.33150184989369,3.6701042987876,0.734020859757521
18083,2004,0,6.24997524225948,3.6701042987876,1.46804171951504
18083,2005,0,6.24804287450843,3.6701042987876,2.20206257927256
18083,2006,0,6.29341927884648,3.6701042987876,2.93608343903008
18083,2007,0,6.18208490671663,3.6701042987876,3.6701042987876
18091,2003,0,7.43543801981455,4.70144353815659,0.940288707631318
18091,2004,0,7.37337430991005,4.70144353815659,1.88057741526264
18091,2005,0,7.39510754656249,4.70144353815659,2.82086612289396
18091,2006,0,7.3790081276283,4.70144353815659,3.76115483052527
18091,2007,0,7.37148929521428,4.70144353815659,4.70144353815659
18093,2003,0,6.21060007702465,3.82694430506983,0.765388861013966
18093,2004,0,6.15485809401642,3.82694430506983,1.53077772202793
18093,2005,0,6.15697898558556,3.82694430506983,2.2961665830419
18093,2006,0,6.15909538849193,3.82694430506983,3.06155544405587
18093,2007,0,6.20253551718792,3.82694430506983,3.82694430506983
18099,2003,0,6.57368016696065,3.80950289643767,0.761900579287535
18099,2004,0,6.51471269087253,3.80950289643767,1.52380115857507
18099,2005,0,6.48004456192665,3.80950289643767,2.28570173786261
18099,2006,0,6.52356230614951,3.80950289643767,3.04760231715014
18099,2007,0,6.45833828334479,3.80950289643767,3.80950289643768
18109,2003,0,6.68085467879022,4.20004002177996,0.840008004355991
18109,2004,0,6.63068338564237,4.20004002177996,1.68001600871198
18109,2005,0,6.65929391968364,4.20004002177996,2.52002401306797
18109,2006,0,6.61606518513282,4.20004002177996,3.36003201742396
18109,2007,0,6.59714570188665,4.20004002177996,4.20004002177996
18113,2003,0,6.49072353450251,3.83460185845956,0.766920371691912
18113,2004,0,6.45676965557216,3.83460185845956,1.53384074338382
18113,2005,0,6.3919171133926,3.83460185845956,2.30076111507574
18113,2006,0,6.41999492814714,3.83460185845956,3.06768148676765
18113,2007,0,6.39692965521615,3.83460185845956,3.83460185845956
18115,2003,0,4.29045944114839,1.72686532931006,0.345373065862013
18115,2004,0,4.26267987704132,1.72686532931006,0.690746131724026
18115,2005,0,4.17438726989564,1.72686532931006,1.03611919758604
18115,2006,0,4.04305126783455,1.72686532931006,1.38149226344805
18115,2007,0,4.07753744390572,1.72686532931006,1.72686532931006
18119,2003,0,5.28320372873799,3.08126756166025,0.616253512332051
18119,2004,0,5.30330490805908,3.08126756166025,1.2325070246641
18119,2005,0,5.35185813347607,3.08126756166025,1.84876053699615
18119,2006,0,5.30826769740121,3.08126756166025,2.4650140493282
18119,2007,0,5.27299955856375,3.08126756166025,3.08126756166025
18133,2003,0,6.4425401664682,3.58404657700818,0.716809315401636
18133,2004,0,6.47697236288968,3.58404657700818,1.43361863080327
18133,2005,0,6.43294009273918,3.58404657700818,2.15042794620491
18133,2006,0,6.28785856016178,3.58404657700818,2.86723726160654
18133,2007,0,6.24610676548156,3.58404657700818,3.58404657700818
18145,2003,0,6.48768401848461,3.77149577029117,0.754299154058234
18145,2004,0,6.4723462945009,3.77149577029117,1.50859830811647
18145,2005,0,6.31173480915291,3.77149577029117,2.2628974621747
18145,2006,0,6.18826412308259,3.77149577029117,3.01719661623294
18145,2007,0,6.13556489108174,3.77149577029117,3.77149577029117
18157,2003,0,7.70616297019958,5.0036442469074,1.00072884938148
18157,2004,0,7.6425241342329,5.0036442469074,2.00145769876296
18157,2005,0,7.70751219460034,5.0036442469074,3.00218654814444
18157,2006,0,7.73587031995257,5.0036442469074,4.00291539752592
18157,2007,0,7.74196789982069,5.0036442469074,5.0036442469074
18175,2003,0,5.35185813347607,3.30406220422892,0.660812440845785
18175,2004,0,5.31811999384422,3.30406220422892,1.32162488169157
18175,2005,0,5.22035582507832,3.30406220422892,1.98243732253735
18175,2006,0,5.24702407216049,3.30406220422892,2.64324976338314
18175,2007,0,5.27299955856375,3.30406220422892,3.30406220422892
18179,2003,0,6.08449941307517,3.3178157727231,0.663563154544621
18179,2004,0,5.94803498918065,3.3178157727231,1.32712630908924
18179,2005,0,5.92958914338989,3.3178157727231,1.99068946363386
18179,2006,0,6.05208916892442,3.3178157727231,2.65425261817848
18179,2007,0,5.83188247728352,3.3178157727231,3.3178157727231
18181,2003,0,5.53338948872752,3.22949919650533,0.645899839301066
18181,2004,0,5.32300997913841,3.22949919650533,1.29179967860213
18181,2005,0,5.28826703069454,3.22949919650533,1.9376995179032
18181,2006,0,5.25749537202778,3.22949919650533,2.58359935720427
18181,2007,0,5.23110861685459,3.22949919650533,3.22949919650533
19013,2003,0,7.9043348420851,4.85212400952536,0.970424801905072
19013,2004,0,7.83794891602528,4.85212400952536,1.94084960381014
19013,2005,0,7.8407064517494,4.85212400952536,2.91127440571522
19013,2006,0,7.85476918349913,4.85212400952536,3.88169920762029
19013,2007,0,7.87929148508227,4.85212400952536,4.85212400952536
19025,2003,0,5.46806014113513,2.40829554741616,0.481659109483232
19025,2004,0,5.2257466737132,2.40829554741616,0.963318218966464
19025,2005,0,5.18738580584075,2.40829554741616,1.4449773284497
19025,2006,0,5.22035582507832,2.40829554741616,1.92663643793293
19025,2007,0,5.15329159449778,2.40829554741616,2.40829554741616
19069,2003,0,5.28320372873799,2.37061750338587,0.474123500677175
19069,2004,0,5.21493575760899,2.37061750338587,0.948247001354349
19069,2005,0,5.31320597904179,2.37061750338587,1.42237050203152
19069,2006,0,5.19849703126583,2.37061750338587,1.8964940027087
19069,2007,0,5.2040066870768,2.37061750338587,2.37061750338587
19077,2003,0,5.05624580534831,2.4294820261824,0.485896405236479
19077,2004,0,4.97673374242057,2.4294820261824,0.971792810472959
19077,2005,0,4.9416424226093,2.4294820261824,1.45768921570944
19077,2006,0,4.84418708645859,2.4294820261824,1.94358562094592
19077,2007,0,4.87519732320115,2.4294820261824,2.4294820261824
19083,2003,0,5.87493073085203,2.9344949640828,0.58689899281656
19083,2004,0,5.78689738136671,2.9344949640828,1.17379798563312
19083,2005,0,5.75257263882563,2.9344949640828,1.76069697844968
19083,2006,0,5.77144112313002,2.9344949640828,2.34759597126624
19083,2007,0,5.75257263882563,2.9344949640828,2.9344949640828
19087,2003,0,6.20253551718792,3.0123927144471,0.60247854288942
19087,2004,0,6.01126717440416,3.0123927144471,1.20495708577884
19087,2005,0,6.0137151560428,3.0123927144471,1.80743562866826
19087,2006,0,5.98896141688986,3.0123927144471,2.40991417155768
19087,2007,0,5.92692602597041,3.0123927144471,3.0123927144471
19111,2003,0,6.40687998606931,3.63895364534421,0.727790729068842
19111,2004,0,6.32076829425058,3.63895364534421,1.45558145813768
19111,2005,0,6.39359075395063,3.63895364534421,2.18337218720653
19111,2006,0,6.43615036836943,3.63895364534421,2.91116291627537
19111,2007,0,6.43294009273918,3.63895364534421,3.63895364534421
19113,2003,0,8.30992298925832,5.25593686652208,1.05118737330442
19113,2004,0,8.28702502516506,5.25593686652208,2.10237474660883
19113,2005,0,8.25400859056484,5.25593686652208,3.15356211991325
19113,2006,0,8.28526113406895,5.25593686652208,4.20474949321767
19113,2007,0,8.36985260351753,5.25593686652208,5.25593686652208
19123,2003,0,5.89989735358249,3.10615495480408,0.621230990960816
19123,2004,0,5.8406416573734,3.10615495480408,1.24246198192163
19123,2005,0,5.73657229747919,3.10615495480408,1.86369297288245
19123,2006,0,5.80211837537706,3.10615495480408,2.48492396384327
19123,2007,0,5.77455154554441,3.10615495480408,3.10615495480408
19131,2003,0,5.26785815906333,2.38637461872373,0.477274923744746
19131,2004,0,5.18738580584075,2.38637461872373,0.954549847489492
19131,2005,0,5.27811465923052,2.38637461872373,1.43182477123424
19131,2006,0,5.25749537202778,2.38637461872373,1.90909969497898
19131,2007,0,5.31811999384422,2.38637461872373,2.38637461872373
19137,2003,0,5.37527840768417,2.46563887943034,0.493127775886069
19137,2004,0,5.44673737166631,2.46563887943034,0.986255551772137
19137,2005,0,5.37989735354046,2.46563887943034,1.47938332765821
19137,2006,0,5.4510384535657,2.46563887943034,1.97251110354427
19137,2007,0,5.4553211153577,2.46563887943034,2.46563887943034
19141,2003,0,6.08904487544685,2.71482718538123,0.542965437076247
19141,2004,0,6.00141487796115,2.71482718538123,1.08593087415249
19141,2005,0,6.0330862217988,2.71482718538123,1.62889631122874
19141,2006,0,6.05208916892442,2.71482718538123,2.17186174830499
19141,2007,0,5.88610403145016,2.71482718538123,2.71482718538123
19153,2003,0,9.19136140537838,5.92586145952057,1.18517229190411
19153,2004,0,9.12565356380899,5.92586145952057,2.37034458380823
19153,2005,0,9.12956406194889,5.92586145952057,3.55551687571234
19153,2006,0,9.14729407025855,5.92586145952057,4.74068916761646
19153,2007,0,9.1557785839835,5.92586145952057,5.92586145952057
19157,2003,0,6.3456363608286,2.9346544240454,0.58693088480908
19157,2004,0,6.09582456243222,2.9346544240454,1.17386176961816
19157,2005,0,6.06378520868761,2.9346544240454,1.76079265442724
19157,2006,0,6.1463292576689,2.9346544240454,2.34772353923632
19157,2007,0,6.15485809401642,2.9346544240454,2.9346544240454
19159,2003,0,4.64439089914137,1.69909578436464,0.339819156872927
19159,2004,0,4.53259949315326,1.69909578436464,0.679638313745854
19159,2005,0,4.33073334028633,1.69909578436464,1.01945747061878
19159,2006,0,4.27666611901606,1.69909578436464,1.35927662749171
19159,2007,0,4.36944785246702,1.69909578436464,1.69909578436464
19183,2003,0,6.09582456243222,3.02868337369368,0.605736674738735
19183,2004,0,5.92692602597041,3.02868337369368,1.21147334947747
19183,2005,0,5.88887795833288,3.02868337369368,1.81721002421621
19183,2006,0,5.97888576490112,3.02868337369368,2.42294669895494
19183,2007,0,6.12468339089421,3.02868337369368,3.02868337369368
19185,2003,0,4.24849524204936,1.90657514365664,0.381315028731327
19185,2004,0,3.93182563272433,1.90657514365664,0.762630057462655
19185,2005,0,4.02535169073515,1.90657514365664,1.14394508619398
19185,2006,0,4.06044301054642,1.90657514365664,1.52526011492531
19185,2007,0,4.4188406077966,1.90657514365664,1.90657514365664
19187,2003,0,6.73340189183736,3.6947372635981,0.738947452719619
19187,2004,0,6.68336094576627,3.6947372635981,1.47789490543924
19187,2005,0,6.64898455002478,3.6947372635981,2.21684235815886
19187,2006,0,6.68336094576627,3.6947372635981,2.95578981087848
19187,2007,0,6.67329796776765,3.6947372635981,3.6947372635981
20013,2003,0,5.42934562895444,2.37248422037371,0.474496844074743
20013,2004,0,5.45958551414416,2.37248422037371,0.948993688149485
20013,2005,0,5.50125821054473,2.37248422037371,1.42349053222423
20013,2006,0,5.31811999384422,2.37248422037371,1.89798737629897
20013,2007,0,5.28320372873799,2.37248422037371,2.37248422037371
20021,2003,0,5.59098698051086,3.11817112074657,0.623634224149314
20021,2004,0,5.35658627467201,3.11817112074657,1.24726844829863
20021,2005,0,5.54517744447956,3.11817112074657,1.87090267244794
20021,2006,0,5.40267738187228,3.11817112074657,2.49453689659725
20021,2007,0,5.31811999384422,3.11817112074657,3.11817112074657
20027,2003,0,5.14166355650266,2.17724860168275,0.43544972033655
20027,2004,0,5.23644196282995,2.17724860168275,0.870899440673099
20027,2005,0,5.37063802812766,2.17724860168275,1.30634916100965
20027,2006,0,5.39362754635236,2.17724860168275,1.7417988813462
20027,2007,0,5.40267738187228,2.17724860168275,2.17724860168275
20031,2003,0,5.28826703069454,2.18211093952617,0.436422187905234
20031,2004,0,5.19849703126583,2.18211093952617,0.872844375810468
20031,2005,0,4.94875989037817,2.18211093952617,1.3092665637157
20031,2006,0,5.37527840768417,2.18211093952617,1.74568875162094
20031,2007,0,5.39362754635236,2.18211093952617,2.18211093952617
20045,2003,0,7.52240023138712,4.6047901137698,0.920958022753959
20045,2004,0,7.3664451483276,4.6047901137698,1.84191604550792
20045,2005,0,7.37525577800975,4.6047901137698,2.76287406826188
20045,2006,0,7.40306109109009,4.6047901137698,3.68383209101584
20045,2007,0,7.4265490723973,4.6047901137698,4.6047901137698
20047,2003,0,3.66356164612965,1.2380843339547,0.247616866790941
20047,2004,0,3.80666248977032,1.2380843339547,0.495233733581882
20047,2005,0,3.63758615972639,1.2380843339547,0.742850600372822
20047,2006,0,2.94443897916644,1.2380843339547,0.990467467163763
20047,2007,0,3.8286413964891,1.2380843339547,1.2380843339547
20063,2003,0,4.26267987704132,1.12102588350501,0.224205176701002
20063,2004,0,4.18965474202643,1.12102588350501,0.448410353402004
20063,2005,0,4.00733318523247,1.12102588350501,0.672615530103006
20063,2006,0,4.04305126783455,1.12102588350501,0.896820706804008
20063,2007,0,3.97029191355212,1.12102588350501,1.12102588350501
20085,2003,0,5.4380793089232,2.53821042181031,0.507642084362062
20085,2004,0,5.37527840768417,2.53821042181031,1.01528416872412
20085,2005,0,5.3890717298165,2.53821042181031,1.52292625308619
20085,2006,0,5.35185813347607,2.53821042181031,2.03056833744825
20085,2007,0,5.40717177146012,2.53821042181031,2.53821042181031
20095,2003,0,4.92725368515721,2.16021475170232,0.432042950340464
20095,2004,0,4.91265488573605,2.16021475170232,0.864085900680928
20095,2005,0,5.03695260241363,2.16021475170232,1.29612885102139
20095,2006,0,4.969813299576,2.16021475170232,1.72817180136186
20095,2007,0,5.05624580534831,2.16021475170232,2.16021475170232
20103,2003,0,6.59578051396131,4.22961818627967,0.845923637255934
20103,2004,0,6.58892647753352,4.22961818627967,1.69184727451187
20103,2005,0,6.46458830368996,4.22961818627967,2.5377709117678
20103,2006,0,6.49828214947643,4.22961818627967,3.38369454902374
20103,2007,0,6.45676965557216,4.22961818627967,4.22961818627967
20133,2003,0,6.11146733950268,2.83303685789521,0.566607371579043
20133,2004,0,5.92157841964382,2.83303685789521,1.13321474315809
20133,2005,0,5.82008293035236,2.83303685789521,1.69982211473713
20133,2006,0,5.84354441703136,2.83303685789521,2.26642948631617
20133,2007,0,5.72358510195238,2.83303685789521,2.83303685789521
20137,2003,0,4.7361984483945,1.78389529417125,0.356779058834251
20137,2004,0,4.70953020131233,1.78389529417125,0.713558117668501
20137,2005,0,4.85203026391962,1.78389529417125,1.07033717650275
20137,2006,0,4.79579054559674,1.78389529417125,1.427116235337
20137,2007,0,4.64439089914137,1.78389529417125,1.78389529417125
20143,2003,0,3.95124371858143,1.81856367198011,0.363712734396021
20143,2004,0,3.98898404656427,1.81856367198011,0.727425468792043
20143,2005,0,3.98898404656427,1.81856367198011,1.09113820318806
20143,2006,0,4.18965474202643,1.81856367198011,1.45485093758409
20143,2007,0,4.06044301054642,1.81856367198011,1.81856367198011
20145,2003,0,4.49980967033027,1.97865388786714,0.395730777573429
20145,2004,0,4.48863636973214,1.97865388786714,0.791461555146857
20145,2005,0,4.63472898822964,1.97865388786714,1.18719233272029
20145,2006,0,4.80402104473326,1.97865388786714,1.58292311029371
20145,2007,0,4.70048036579242,1.97865388786714,1.97865388786714
20171,2003,0,5.03043792139244,1.63315443905142,0.326630887810283
20171,2004,0,4.91265488573605,1.63315443905142,0.653261775620567
20171,2005,0,4.81218435537242,1.63315443905142,0.97989266343085
20171,2006,0,4.8283137373023,1.63315443905142,1.30652355124113
20171,2007,0,4.79579054559674,1.63315443905142,1.63315443905142
20183,2003,0,3.97029191355212,1.51204556642545,0.30240911328509
20183,2004,0,3.93182563272433,1.51204556642545,0.60481822657018
20183,2005,0,3.63758615972639,1.51204556642545,0.90722733985527
20183,2006,0,4.17438726989564,1.51204556642545,1.20963645314036
20183,2007,0,4.38202663467388,1.51204556642545,1.51204556642545
20205,2003,0,4.79579054559674,2.33524587523359,0.467049175046719
20205,2004,0,4.79579054559674,2.33524587523359,0.934098350093438
20205,2005,0,4.81218435537242,2.33524587523359,1.40114752514016
20205,2006,0,4.94875989037817,2.33524587523359,1.86819670018688
20205,2007,0,5.16478597392351,2.33524587523359,2.33524587523359
22007,2003,0,4.77912349311153,3.15222307031342,0.630444614062685
22007,2004,0,4.83628190695148,3.15222307031342,1.26088922812537
22007,2005,0,4.57471097850338,3.15222307031342,1.89133384218805
22007,2006,0,4.91998092582813,3.15222307031342,2.52177845625074
22007,2007,0,5.07517381523383,3.15222307031342,3.15222307031342
22033,2003,0,8.74957394808293,6.02308917522617,1.20461783504523
22033,2004,0,8.68016201969438,6.02308917522617,2.40923567009047
22033,2005,0,8.68440111040014,6.02308917522617,3.6138535051357
22033,2006,0,8.78094111357239,6.02308917522617,4.81847134018094
22033,2007,0,8.65782432115598,6.02308917522617,6.02308917522617
22045,2003,0,6.65415252018322,4.29409665407894,0.858819330815788
22045,2004,0,6.58063913728495,4.29409665407894,1.71763866163158
22045,2005,0,6.58202513889283,4.29409665407894,2.57645799244736
22045,2006,0,6.76272950693188,4.29409665407894,3.43527732326315
22045,2007,0,6.77992190747225,4.29409665407894,4.29409665407894
22069,2003,0,5.64190707093811,3.66561082717458,0.733122165434916
22069,2004,0,5.53733426701854,3.66561082717458,1.46624433086983
22069,2005,0,5.40717177146012,3.66561082717458,2.19936649630475
22069,2006,0,5.53733426701854,3.66561082717458,2.93248866173967
22069,2007,0,5.78689738136671,3.66561082717458,3.66561082717458
22071,2003,0,8.31164394850298,6.18347649998489,1.23669529999698
22071,2004,0,8.1371033896393,6.18347649998489,2.47339059999396
22071,2005,0,8.14206328310415,6.18347649998489,3.71008589999093
22071,2006,0,7.1785454837637,6.18347649998489,4.94678119998791
22071,2007,0,7.75147531802146,6.18347649998489,6.18347649998489
22073,2003,0,7.51043055637801,4.9921318225317,0.998426364506339
22073,2004,0,7.35115822643069,4.9921318225317,1.99685272901268
22073,2005,0,7.40367029001237,4.9921318225317,2.99527909351902
22073,2006,0,7.45240245122364,4.9921318225317,3.99370545802536
22073,2007,0,7.50988306115491,4.9921318225317,4.9921318225317
22081,2003,0,4.02535169073515,2.26405214327726,0.452810428655452
22081,2004,0,3.78418963391826,2.26405214327726,0.905620857310905
22081,2005,0,3.36729582998647,2.26405214327726,1.35843128596636
22081,2006,0,3.3322045101752,2.26405214327726,1.81124171462181
22081,2007,0,3.3322045101752,2.26405214327726,2.26405214327726
22087,2003,0,6.74051935960622,4.20810470205826,0.841620940411652
22087,2004,0,6.58892647753352,4.20810470205826,1.6832418808233
22087,2005,0,6.5792512120101,4.20810470205826,2.52486282123496
22087,2006,0,4.45434729625351,4.20810470205826,3.36648376164661
22087,2007,0,5.21493575760899,4.20810470205826,4.20810470205826
22091,2003,0,3.2188758248682,2.35375337956845,0.470750675913689
22091,2004,0,3.55534806148941,2.35375337956845,0.941501351827378
22091,2005,0,3.17805383034795,2.35375337956845,1.41225202774107
22091,2006,0,3.3322045101752,2.35375337956845,1.88300270365476
22091,2007,0,3.36729582998647,2.35375337956845,2.35375337956845
22111,2003,0,5.05624580534831,3.12689210625201,0.625378421250403
22111,2004,0,4.69134788222914,3.12689210625201,1.25075684250081
22111,2005,0,5.05624580534831,3.12689210625201,1.87613526375121
22111,2006,0,4.82028156560504,3.12689210625201,2.50151368500161
22111,2007,0,4.88280192258637,3.12689210625201,3.12689210625201
22115,2003,0,5.605802066296,3.96140347152558,0.792280694305117
22115,2004,0,5.64544689764324,3.96140347152558,1.58456138861023
22115,2005,0,5.65599181081985,3.96140347152558,2.37684208291535
22115,2006,0,5.74620319054015,3.96140347152558,3.16912277722047
22115,2007,0,5.78382518232974,3.96140347152558,3.96140347152558
22119,2003,0,5.6970934865054,3.73363769145571,0.746727538291142
22119,2004,0,5.46806014113513,3.73363769145571,1.49345507658228
22119,2005,0,5.61677109766657,3.73363769145571,2.24018261487343
22119,2006,0,5.57594910314632,3.73363769145571,2.98691015316457
22119,2007,0,5.81413053182507,3.73363769145571,3.73363769145571
24009,2003,2007,7.02553831463852,4.31164440561939,0.862328881123878
24009,2004,2007,7.14677217945264,4.31164440561939,1.72465776224776
24009,2005,2007,7.16162200293919,4.31164440561939,2.58698664337163
24009,2006,2007,7.1066061377273,4.31164440561939,3.44931552449551
24009,2007,2007,7.1929342212158,4.31164440561939,4.31164440561939
24015,2003,2007,7.04053639021596,4.4537773664325,0.890755473286499
24015,2004,2007,7.15305163493748,4.4537773664325,1.781510946573
24015,2005,2007,7.14440718032114,4.4537773664325,2.6722664198595
24015,2006,2007,7.18841273649695,4.4537773664325,3.563021893146
24015,2007,2007,7.11151211649616,4.4537773664325,4.4537773664325
24017,2003,2007,7.68017564043659,4.79203142282408,0.958406284564816
24017,2004,2007,7.69256964806791,4.79203142282408,1.91681256912963
24017,2005,2007,7.69074316354187,4.79203142282408,2.87521885369445
24017,2006,2007,7.75491027202143,4.79203142282408,3.83362513825926
24017,2007,2007,7.75619534394812,4.79203142282408,4.79203142282408
24021,2003,2007,8.31016902198191,5.27441906341037,1.05488381268207
24021,2004,2007,8.36264243156764,5.27441906341037,2.10976762536415
24021,2005,2007,8.30819906320645,5.27441906341037,3.16465143804622
24021,2006,2007,8.32748441618826,5.27441906341037,4.2195352507283
24021,2007,2007,8.28803156777646,5.27441906341037,5.27441906341037
24027,2003,2007,8.76826314537129,5.5127914463584,1.10255828927168
24027,2004,2007,8.74273386733017,5.5127914463584,2.20511657854336
24027,2005,2007,8.67077227934454,5.5127914463584,3.30767486781504
24027,2006,2007,8.71719093322313,5.5127914463584,4.41023315708672
24027,2007,2007,8.75131624677346,5.5127914463584,5.5127914463584
24033,2003,2007,9.10830764641103,6.68650368678403,1.33730073735681
24033,2004,2007,9.14034700015565,6.68650368678403,2.67460147471361
24033,2005,2007,9.17232692977797,6.68650368678403,4.01190221207042
24033,2006,2007,9.17926241640532,6.68650368678403,5.34920294942722
24033,2007,2007,9.15567297063387,6.68650368678403,6.68650368678403
26005,2003,2007,7.1693500166706,4.66027371221412,0.932054742442823
26005,2004,2007,7.15773548424991,4.66027371221412,1.86410948488565
26005,2005,2007,7.10578612948127,4.66027371221412,2.79616422732847
26005,2006,2007,7.05185562295589,4.66027371221412,3.72821896977129
26005,2007,2007,6.98749024700099,4.66027371221412,4.66027371221412
26015,2003,2007,6.34388043412633,4.0387437582073,0.807748751641461
26015,2004,2007,6.25190388316589,4.0387437582073,1.61549750328292
26015,2005,2007,6.28599809450886,4.0387437582073,2.42324625492438
26015,2006,2007,6.18001665365257,4.0387437582073,3.23099500656584
26015,2007,2007,6.19440539110467,4.0387437582073,4.0387437582073
26027,2003,2007,5.42053499927229,3.9338627720326,0.78677255440652
26027,2004,2007,5.62401750618734,3.9338627720326,1.57354510881304
26027,2005,2007,5.72358510195238,3.9338627720326,2.36031766321956
26027,2006,2007,5.58724865840025,3.9338627720326,3.14709021762608
26027,2007,2007,5.27299955856375,3.9338627720326,3.9338627720326
26031,2003,2007,5.27811465923052,3.27518054107867,0.655036108215734
26031,2004,2007,5.12989871492307,3.27518054107867,1.31007221643147
26031,2005,2007,5.12989871492307,3.27518054107867,1.9651083246472
26031,2006,2007,5.11198778835654,3.27518054107867,2.62014443286293
26031,2007,2007,4.99721227376411,3.27518054107867,3.27518054107867
26041,2003,2007,6.31173480915291,3.65117758692992,0.730235517385985
26041,2004,2007,6.32076829425058,3.65117758692992,1.46047103477197
26041,2005,2007,6.25766758788264,3.65117758692992,2.19070655215795
26041,2006,2007,6.25382881157547,3.65117758692992,2.92094206954394
26041,2007,2007,6.13988455222626,3.65117758692992,3.65117758692992
26057,2003,2007,6.13988455222626,3.74443241323419,0.748886482646837
26057,2004,2007,6.09582456243222,3.74443241323419,1.49777296529367
26057,2005,2007,6.25190388316589,3.74443241323419,2.24665944794051
26057,2006,2007,6.12249280951439,3.74443241323419,2.99554593058735
26057,2007,2007,5.92692602597041,3.74443241323419,3.74443241323419
26061,2003,2007,6.42648845745769,3.58396328416438,0.716792656832875
26061,2004,2007,6.40025744530882,3.58396328416438,1.43358531366575
26061,2005,2007,6.33859407820318,3.58396328416438,2.15037797049863
26061,2006,2007,6.22851100359118,3.58396328416438,2.8671706273315
26061,2007,2007,6.13556489108174,3.58396328416438,3.58396328416438
26065,2003,2007,8.4142741374084,5.63235807797783,1.12647161559557
26065,2004,2007,8.33254893925264,5.63235807797783,2.25294323119113
26065,2005,2007,8.24643378616036,5.63235807797783,3.3794148467867
26065,2006,2007,8.21283958467648,5.63235807797783,4.50588646238227
26065,2007,2007,8.16365617616843,5.63235807797783,5.63235807797783
26073,2003,2007,6.73933662735717,4.14869069196221,0.829738138392443
26073,2004,2007,6.59850902861452,4.14869069196221,1.65947627678489
26073,2005,2007,6.68586094706836,4.14869069196221,2.48921441517733
26073,2006,2007,6.53087762772588,4.14869069196221,3.31895255356977
26073,2007,2007,6.51025834052315,4.14869069196221,4.14869069196221
26085,2003,2007,3.66356164612965,2.42771882375081,0.485543764750162
26085,2004,2007,3.40119738166216,2.42771882375081,0.971087529500325
26085,2005,2007,3.63758615972639,2.42771882375081,1.45663129425049
26085,2006,2007,3.2188758248682,2.42771882375081,1.94217505900065
26085,2007,2007,3.36729582998647,2.42771882375081,2.42771882375081
26089,2003,2007,5.64190707093811,3.05017310923224,0.610034621846448
26089,2004,2007,5.52942908751142,3.05017310923224,1.2200692436929
26089,2005,2007,5.47227067367148,3.05017310923224,1.83010386553934
26089,2006,2007,5.28320372873799,3.05017310923224,2.44013848738579
26089,2007,2007,5.34233425196481,3.05017310923224,3.05017310923224
26105,2003,2007,5.75890177387728,3.34194265444484,0.668388530888968
26105,2004,2007,5.59842195899838,3.34194265444484,1.33677706177794
26105,2005,2007,5.75574221358691,3.34194265444484,2.0051655926669
26105,2006,2007,5.61312810638807,3.34194265444484,2.67355412355587
26105,2007,2007,5.52942908751142,3.34194265444484,3.34194265444484
26127,2003,2007,5.52942908751142,3.29112206507397,0.658224413014795
26127,2004,2007,5.51745289646471,3.29112206507397,1.31644882602959
26127,2005,2007,5.54907608489522,3.29112206507397,1.97467323904438
26127,2006,2007,5.39362754635236,3.29112206507397,2.63289765205918
26127,2007,2007,5.37527840768417,3.29112206507397,3.29112206507397
26129,2003,2007,5.74300318780948,3.07477448089394,0.614954896178789
26129,2004,2007,5.75574221358691,3.07477448089394,1.22990979235758
26129,2005,2007,5.75890177387728,3.07477448089394,1.84486468853637
26129,2006,2007,5.5683445037611,3.07477448089394,2.45981958471515
26129,2007,2007,5.52942908751142,3.07477448089394,3.07477448089394
26137,2003,2007,6.2363695902037,3.14849627810562,0.629699255621124
26137,2004,2007,6.22851100359118,3.14849627810562,1.25939851124225
26137,2005,2007,6.18620862390049,3.14849627810562,1.88909776686337
26137,2006,2007,6.10479323241498,3.14849627810562,2.5187970224845
26137,2007,2007,5.94542060860658,3.14849627810562,3.14849627810562
26149,2003,2007,6.62273632394984,4.13391777734183,0.826783555468365
26149,2004,2007,6.45204895443723,4.13391777734183,1.65356711093673
26149,2005,2007,6.50727771238501,4.13391777734183,2.4803506664051
26149,2006,2007,6.41836493593621,4.13391777734183,3.30713422187346
26149,2007,2007,6.36990098282823,4.13391777734183,4.13391777734183
27005,2003,2006,6.84374994900622,3.40119738166216,0.680239476332431
27005,2004,2006,6.76157276880406,3.40119738166216,1.36047895266486
27005,2005,2006,6.78671695060508,3.40119738166216,2.04071842899729
27005,2006,2006,6.96790920180188,3.40119738166216,2.72095790532972
27005,2007,2006,6.91075078796194,3.40119738166216,3.40119738166216
27009,2003,2006,6.52356230614951,3.53298558915526,0.706597117831052
27009,2004,2006,6.45362499889269,3.53298558915526,1.4131942356621
27009,2005,2006,6.47697236288968,3.53298558915526,2.11979135349316
27009,2006,2006,6.51767127291227,3.53298558915526,2.82638847132421
27009,2007,2006,6.41673228251233,3.53298558915526,3.53298558915526
27023,2003,2006,5.79301360838414,2.57169577986039,0.514339155972078
27023,2004,2006,5.65599181081985,2.57169577986039,1.02867831194416
27023,2005,2006,5.79909265446053,2.57169577986039,1.54301746791623
27023,2006,2006,5.6970934865054,2.57169577986039,2.05735662388831
27023,2007,2006,5.72358510195238,2.57169577986039,2.57169577986039
27035,2003,2006,7.4899708988348,4.00913156717385,0.80182631343477
27035,2004,2006,7.22983877815125,4.00913156717385,1.60365262686954
27035,2005,2006,7.30114780585603,4.00913156717385,2.40547894030431
27035,2006,2006,7.39510754656249,4.00913156717385,3.20730525373908
27035,2007,2006,7.22329567956231,4.00913156717385,4.00913156717385
27043,2003,2006,5.57594910314632,2.78383771441767,0.556767542883534
27043,2004,2006,5.39362754635236,2.78383771441767,1.11353508576707
27043,2005,2006,5.54907608489522,2.78383771441767,1.6703026286506
27043,2006,2006,5.46383180502561,2.78383771441767,2.22707017153414
27043,2007,2006,5.41164605185504,2.78383771441767,2.78383771441767
27049,2003,2006,7.2991214627108,3.78707184000532,0.757414368001063
27049,2004,2006,7.03174125876313,3.78707184000532,1.51482873600213
27049,2005,2006,6.93731408122368,3.78707184000532,2.27224310400319
27049,2006,2006,6.96979066990159,3.78707184000532,3.02965747200425
27049,2007,2006,6.95844839329766,3.78707184000532,3.78707184000532
27051,2003,2006,4.54329478227,1.83880207556137,0.367760415112273
27051,2004,2006,4.49980967033027,1.83880207556137,0.735520830224547
27051,2005,2006,4.33073334028633,1.83880207556137,1.10328124533682
27051,2006,2006,4.44265125649032,1.83880207556137,1.47104166044909
27051,2007,2006,4.06044301054642,1.83880207556137,1.83880207556137
27055,2003,2006,5.77765232322266,2.98153192415285,0.59630638483057
27055,2004,2006,5.74300318780948,2.98153192415285,1.19261276966114
27055,2005,2006,5.73979291217923,2.98153192415285,1.78891915449171
27055,2006,2006,5.71373280550937,2.98153192415285,2.38522553932228
27055,2007,2006,5.66296048013595,2.98153192415285,2.98153192415285
27091,2003,2006,6.30991827822652,3.08200170870617,0.616400341741233
27091,2004,2006,6.28785856016178,3.08200170870617,1.23280068348247
27091,2005,2006,6.3578422665081,3.08200170870617,1.8492010252237
27091,2006,2006,6.40522845803084,3.08200170870617,2.46560136696493
27091,2007,2006,6.3456363608286,3.08200170870617,3.08200170870617
27115,2003,2006,6.12686918411419,3.27827616814965,0.65565523362993
27115,2004,2006,6.12468339089421,3.27827616814965,1.31131046725986
27115,2005,2006,6.09582456243222,3.27827616814965,1.96696570088979
27115,2006,2006,5.96614673912369,3.27827616814965,2.62262093451972
27115,2007,2006,6.00388706710654,3.27827616814965,3.27827616814965
27123,2003,2006,9.2617936535651,6.23643808100884,1.24728761620177
27123,2004,2006,9.18450961194166,6.23643808100884,2.49457523240354
27123,2005,2006,9.13841463240459,6.23643808100884,3.7418628486053
27123,2006,2006,9.19146331620649,6.23643808100884,4.98915046480707
27123,2007,2006,9.11294802596753,6.23643808100884,6.23643808100884
27129,2003,2006,5.77455154554441,2.84223138256823,0.568446276513646
27129,2004,2006,5.72358510195238,2.84223138256823,1.13689255302729
27129,2005,2006,5.75257263882563,2.84223138256823,1.70533882954094
27129,2006,2006,5.64190707093811,2.84223138256823,2.27378510605458
27129,2007,2006,5.87773578177964,2.84223138256823,2.84223138256823
27149,2003,2006,5.35185813347607,2.30787109742328,0.461574219484657
27149,2004,2006,5.14166355650266,2.30787109742328,0.923148438969313
27149,2005,2006,5.2040066870768,2.30787109742328,1.38472265845397
27149,2006,2006,5.17614973257383,2.30787109742328,1.84629687793863
27149,2007,2006,5.35185813347607,2.30787109742328,2.30787109742328
27157,2003,2006,6.04737217904628,3.07315617051879,0.614631234103759
27157,2004,2006,5.95324333428778,3.07315617051879,1.22926246820752
27157,2005,2006,5.89164421182577,3.07315617051879,1.84389370231128
27157,2006,2006,5.92157841964382,3.07315617051879,2.45852493641504
27157,2007,2006,5.91620206260743,3.07315617051879,3.07315617051879
27163,2003,2006,8.27231514795602,5.30395146516513,1.06079029303303
27163,2004,2006,8.21419441485256,5.30395146516513,2.12158058606605
27163,2005,2006,8.17075142375753,5.30395146516513,3.18237087909908
27163,2006,2006,8.25035895147729,5.30395146516513,4.2431611721321
27163,2007,2006,8.20303024171486,5.30395146516513,5.30395146516513
27165,2003,2006,5.48479693349065,2.47451955690151,0.494903911380303
27165,2004,2006,5.40267738187228,2.47451955690151,0.989807822760605
27165,2005,2006,5.30330490805908,2.47451955690151,1.48471173414091
27165,2006,2006,5.41610040220442,2.47451955690151,1.97961564552121
27165,2007,2006,5.38449506278909,2.47451955690151,2.47451955690151
29003,2003,2007,4.83628190695148,2.80287541484465,0.560575082968931
29003,2004,2007,4.85981240436167,2.80287541484465,1.12115016593786
29003,2005,2007,4.87519732320115,2.80287541484465,1.68172524890679
29003,2006,2007,4.88280192258637,2.80287541484465,2.24230033187572
29003,2007,2007,5.01063529409626,2.80287541484465,2.80287541484465
29011,2003,2007,5.51342874616498,2.52900327684191,0.505800655368383
29011,2004,2007,5.51745289646471,2.52900327684191,1.01160131073677
29011,2005,2007,5.40267738187228,2.52900327684191,1.51740196610515
29011,2006,2007,5.30330490805908,2.52900327684191,2.02320262147353
29011,2007,2007,5.25749537202778,2.52900327684191,2.52900327684191
29013,2003,2007,5.36129216570943,2.81259038037613,0.562518076075227
29013,2004,2007,5.25227342804663,2.81259038037613,1.12503615215045
29013,2005,2007,5.32787616878958,2.81259038037613,1.68755422822568
29013,2006,2007,5.18738580584075,2.81259038037613,2.25007230430091
29013,2007,2007,5.12396397940326,2.81259038037613,2.81259038037613
29023,2003,2007,6.40025744530882,3.71032289140759,0.742064578281518
29023,2004,2007,6.51174532964473,3.71032289140759,1.48412915656304
29023,2005,2007,6.53813982376767,3.71032289140759,2.22619373484455
29023,2006,2007,6.41345895716736,3.71032289140759,2.96825831312607
29023,2007,2007,6.29341927884648,3.71032289140759,3.71032289140759
29033,2003,2007,4.82028156560504,2.33068652310492,0.466137304620984
29033,2004,2007,4.80402104473326,2.33068652310492,0.932274609241968
29033,2005,2007,4.65396035015752,2.33068652310492,1.39841191386295
29033,2006,2007,4.69134788222914,2.33068652310492,1.86454921848394
29033,2007,2007,4.8283137373023,2.33068652310492,2.33068652310492
29041,2003,2007,4.71849887129509,2.13274531370215,0.426549062740429
29041,2004,2007,4.65396035015752,2.13274531370215,0.853098125480859
29041,2005,2007,4.64439089914137,2.13274531370215,1.27964718822129
29041,2006,2007,4.36944785246702,2.13274531370215,1.70619625096172
29041,2007,2007,4.4188406077966,2.13274531370215,2.13274531370215
29065,2003,2007,5.07517381523383,2.7031716536511,0.540634330730221
29065,2004,2007,5.13579843705026,2.7031716536511,1.08126866146044
29065,2005,2007,5.11799381241676,2.7031716536511,1.62190299219066
29065,2006,2007,5.09375020080676,2.7031716536511,2.16253732292088
29065,2007,2007,5.02388052084628,2.7031716536511,2.7031716536511
29073,2003,2007,5.8111409929767,2.7305941655371,0.546118833107421
29073,2004,2007,5.76205138278018,2.7305941655371,1.09223766621484
29073,2005,2007,5.87211778947542,2.7305941655371,1.63835649932226
29073,2006,2007,5.94542060860658,2.7305941655371,2.18447533242968
29073,2007,2007,5.8805329864007,2.7305941655371,2.7305941655371
29077,2003,2007,8.44827174594982,5.48226676435625,1.09645335287125
29077,2004,2007,8.39117635083275,5.48226676435625,2.1929067057425
29077,2005,2007,8.39976009452414,5.48226676435625,3.28936005861375
29077,2006,2007,8.46779284112111,5.48226676435625,4.385813411485
29077,2007,2007,8.44891435066294,5.48226676435625,5.48226676435625
29079,2003,2007,4.94875989037817,2.3448780051843,0.468975601036859
29079,2004,2007,4.84418708645859,2.3448780051843,0.937951202073719
29079,2005,2007,4.969813299576,2.3448780051843,1.40692680311058
29079,2006,2007,4.8283137373023,2.3448780051843,1.87590240414744
29079,2007,2007,4.8283137373023,2.3448780051843,2.3448780051843
29081,2003,2007,5.11198778835654,2.18041745901984,0.436083491803968
29081,2004,2007,5.06259503302697,2.18041745901984,0.872166983607935
29081,2005,2007,5.17048399503815,2.18041745901984,1.3082504754119
29081,2006,2007,4.94875989037817,2.18041745901984,1.74433396721587
29081,2007,2007,4.90527477843843,2.18041745901984,2.18041745901984
29085,2003,2007,3.46573590279973,2.19053558918542,0.438107117837085
29085,2004,2007,3.25809653802148,2.19053558918542,0.876214235674169
29085,2005,2007,3.3322045101752,2.19053558918542,1.31432135351125
29085,2006,2007,3.40119738166216,2.19053558918542,1.75242847134834
29085,2007,2007,3.49650756146648,2.19053558918542,2.19053558918542
29089,2003,2007,4.70048036579242,2.32356349937924,0.464712699875848
29089,2004,2007,4.7361984483945,2.32356349937924,0.929425399751695
29089,2005,2007,4.70953020131233,2.32356349937924,1.39413809962754
29089,2006,2007,4.69134788222914,2.32356349937924,1.85885079950339
29089,2007,2007,4.62497281328427,2.32356349937924,2.32356349937924
29099,2003,2007,7.80628928926703,5.28876690573619,1.05775338114724
29099,2004,2007,7.78572089653462,5.28876690573619,2.11550676229447
29099,2005,2007,7.74283595543075,5.28876690573619,3.17326014344171
29099,2006,2007,7.73848812249465,5.28876690573619,4.23101352458895
29099,2007,2007,7.7367436824535,5.28876690573619,5.28876690573619
29101,2003,2007,6.07993319509559,3.87656161714999,0.775312323429997
29101,2004,2007,6.14203740558736,3.87656161714999,1.55062464685999
29101,2005,2007,6.20050917404269,3.87656161714999,2.32593697028999
29101,2006,2007,6.16120732169508,3.87656161714999,3.10124929371999
29101,2007,2007,6.18414889093748,3.87656161714999,3.87656161714999
29105,2003,2007,6.13556489108174,3.48164000935702,0.696328001871404
29105,2004,2007,6.0591231955818,3.48164000935702,1.39265600374281
29105,2005,2007,6.1463292576689,3.48164000935702,2.08898400561421
29105,2006,2007,6.28226674689601,3.48164000935702,2.78531200748562
29105,2007,2007,6.27476202124194,3.48164000935702,3.48164000935702
29107,2003,2007,6.1527326947041,3.49529470504127,0.699058941008254
29107,2004,2007,6.19236248947487,3.49529470504127,1.39811788201651
29107,2005,2007,6.1463292576689,3.49529470504127,2.09717682302476
29107,2006,2007,6.09582456243222,3.49529470504127,2.79623576403302
29107,2007,2007,6.12029741895095,3.49529470504127,3.49529470504127
29117,2003,2007,5.7268477475872,2.67814067069607,0.535628134139213
29117,2004,2007,5.75574221358691,2.67814067069607,1.07125626827843
29117,2005,2007,5.64544689764324,2.67814067069607,1.60688440241764
29117,2006,2007,5.67675380226828,2.67814067069607,2.14251253655685
29117,2007,2007,5.54517744447956,2.67814067069607,2.67814067069607
29119,2003,2007,5.35658627467201,3.07643630096895,0.615287260193791
29119,2004,2007,5.23110861685459,3.07643630096895,1.23057452038758
29119,2005,2007,5.16478597392351,3.07643630096895,1.84586178058137
29119,2006,2007,5.28320372873799,3.07643630096895,2.46114904077516
29119,2007,2007,5.33753807970132,3.07643630096895,3.07643630096895
29127,2003,2007,6.39359075395063,3.34247303650915,0.668494607301829
29127,2004,2007,6.33150184989369,3.34247303650915,1.33698921460366
29127,2005,2007,6.42324696353352,3.34247303650915,2.00548382190549
29127,2006,2007,6.39692965521615,3.34247303650915,2.67397842920732
29127,2007,2007,6.36818718635049,3.34247303650915,3.34247303650915
29131,2003,2007,5.52942908751142,3.15972012365944,0.631944024731888
29131,2004,2007,5.34233425196481,3.15972012365944,1.26388804946378
29131,2005,2007,5.34710753071747,3.15972012365944,1.89583207419566
29131,2006,2007,5.41610040220442,3.15972012365944,2.52777609892755
29131,2007,2007,5.38449506278909,3.15972012365944,3.15972012365944
29149,2003,2007,4.21950770517611,2.33640664146956,0.467281328293911
29149,2004,2007,4.18965474202643,2.33640664146956,0.934562656587823
29149,2005,2007,4.35670882668959,2.33640664146956,1.40184398488173
29149,2006,2007,4.35670882668959,2.33640664146956,1.86912531317565
29149,2007,2007,4.51085950651685,2.33640664146956,2.33640664146956
29155,2003,2007,5.4971682252932,2.99807951662234,0.599615903324468
29155,2004,2007,5.34233425196481,2.99807951662234,1.19923180664894
29155,2005,2007,5.26269018890489,2.99807951662234,1.7988477099734
29155,2006,2007,5.45958551414416,2.99807951662234,2.39846361329787
29155,2007,2007,5.55295958492162,2.99807951662234,2.99807951662234
29163,2003,2007,5.605802066296,2.90968406892854,0.581936813785707
29163,2004,2007,5.69035945432406,2.90968406892854,1.16387362757141
29163,2005,2007,5.72031177660741,2.90968406892854,1.74581044135712
29163,2006,2007,5.7037824746562,2.90968406892854,2.32774725514283
29163,2007,2007,5.63835466933375,2.90968406892854,2.90968406892854
29177,2003,2007,5.48063892334199,3.15076827565352,0.630153655130705
29177,2004,2007,5.26785815906333,3.15076827565352,1.26030731026141
29177,2005,2007,5.28320372873799,3.15076827565352,1.89046096539211
29177,2006,2007,5.18738580584075,3.15076827565352,2.52061462052282
29177,2007,2007,5.22035582507832,3.15076827565352,3.15076827565352
29201,2003,2007,6.08904487544685,3.69937419120658,0.739874838241316
29201,2004,2007,6.19031540585315,3.69937419120658,1.47974967648263
29201,2005,2007,6.15060276844628,3.69937419120658,2.21962451472395
29201,2006,2007,6.09807428216624,3.69937419120658,2.95949935296526
29201,2007,2007,6.00635315960173,3.69937419120658,3.69937419120658
29209,2003,2007,5.00394630594546,3.35543263629441,0.671086527258882
29209,2004,2007,5.19849703126583,3.35543263629441,1.34217305451776
29209,2005,2007,5.19849703126583,3.35543263629441,2.01325958177665
29209,2006,2007,5.23644196282995,3.35543263629441,2.68434610903553
29209,2007,2007,5.32300997913841,3.35543263629441,3.35543263629441
29211,2003,2007,4.26267987704132,1.97671643915702,0.395343287831405
29211,2004,2007,4.24849524204936,1.97671643915702,0.79068657566281
29211,2005,2007,3.93182563272433,1.97671643915702,1.18602986349421
29211,2006,2007,4.02535169073515,1.97671643915702,1.58137315132562
29211,2007,2007,4.12713438504509,1.97671643915702,1.97671643915702
29215,2003,2007,5.37989735354046,3.13562464220588,0.627124928441176
29215,2004,2007,5.29831736654804,3.13562464220588,1.25424985688235
29215,2005,2007,5.43372200355424,3.13562464220588,1.88137478532353
29215,2006,2007,5.41610040220442,3.13562464220588,2.50849971376471
29215,2007,2007,5.40267738187228,3.13562464220588,3.13562464220588
29229,2003,2007,5.52942908751142,2.88786862767805,0.577573725535609
29229,2004,2007,5.54517744447956,2.88786862767805,1.15514745107122
29229,2005,2007,5.51745289646471,2.88786862767805,1.73272117660683
29229,2006,2007,5.42053499927229,2.88786862767805,2.31029490214244
29229,2007,2007,5.26269018890489,2.88786862767805,2.88786862767805
29510,2003,2007,8.40200678160712,5.85274543579545,1.17054908715909
29510,2004,2007,8.34616759436413,5.85274543579545,2.34109817431818
29510,2005,2007,8.29704514908183,5.85274543579545,3.51164726147727
29510,2006,2007,8.29679586577005,5.85274543579545,4.68219634863636
29510,2007,2007,8.25816336153762,5.85274543579545,5.85274543579545
30009,2003,2007,5.08140436498446,2.25675055665025,0.451350111330049
30009,2004,2007,4.92725368515721,2.25675055665025,0.902700222660098
30009,2005,2007,4.77912349311153,2.25675055665025,1.35405033399015
30009,2006,2007,4.87519732320115,2.25675055665025,1.8054004453202
30009,2007,2007,4.97673374242057,2.25675055665025,2.25675055665025
30011,2003,2007,2.484906649788,0.307484699747961,0.0614969399495921
30011,2004,2007,1.94591014905531,0.307484699747961,0.122993879899184
30011,2005,2007,1.6094379124341,0.307484699747961,0.184490819848776
30011,2006,2007,1.94591014905531,0.307484699747961,0.245987759798369
30011,2007,2007,2.07944154167984,0.307484699747961,0.307484699747961
30013,2003,2007,7.27793857294566,4.3864792072439,0.877295841448781
30013,2004,2007,7.16626597413364,4.3864792072439,1.75459168289756
30013,2005,2007,7.19142933003638,4.3864792072439,2.63188752434634
30013,2006,2007,7.25981961036319,4.3864792072439,3.50918336579512
30013,2007,2007,7.28138566357028,4.3864792072439,4.3864792072439
30021,2003,2007,5.37063802812766,2.20375873868715,0.44075174773743
30021,2004,2007,5.30826769740121,2.20375873868715,0.88150349547486
30021,2005,2007,5.16478597392351,2.20375873868715,1.32225524321229
30021,2006,2007,5.44241771052179,2.20375873868715,1.76300699094972
30021,2007,2007,5.25227342804663,2.20375873868715,2.20375873868715
30033,2003,2007,2.39789527279837,0.246078522596706,0.0492157045193411
30033,2004,2007,2.89037175789616,0.246078522596706,0.0984314090386822
30033,2005,2007,2.484906649788,0.246078522596706,0.147647113558023
30033,2006,2007,2.83321334405622,0.246078522596706,0.196862818077364
30033,2007,2007,2.89037175789616,0.246078522596706,0.246078522596706
30049,2003,2007,7.12929754892937,4.02026735882578,0.804053471765157
30049,2004,2007,7.0604763659998,4.02026735882578,1.60810694353031
30049,2005,2007,7.00397413672268,4.02026735882578,2.41216041529547
30049,2006,2007,7.09506437728713,4.02026735882578,3.21621388706063
30049,2007,2007,7.09589322109753,4.02026735882578,4.02026735882578
30081,2003,2007,6.21260609575152,3.58546149491545,0.71709229898309
30081,2004,2007,6.21860011969173,3.58546149491545,1.43418459796618
30081,2005,2007,6.18208490671663,3.58546149491545,2.15127689694927
30081,2006,2007,6.26909628370626,3.58546149491545,2.86836919593236
30081,2007,2007,6.27852142416584,3.58546149491545,3.58546149491545
30087,2003,2007,5.35185813347607,2.23889954130791,0.447779908261583
30087,2004,2007,5.32300997913841,2.23889954130791,0.895559816523165
30087,2005,2007,5.11198778835654,2.23889954130791,1.34333972478475
30087,2006,2007,5.0998664278242,2.23889954130791,1.79111963304633
30087,2007,2007,4.969813299576,2.23889954130791,2.23889954130791
30095,2003,2007,4.56434819146784,2.10352421219579,0.420704842439159
30095,2004,2007,4.38202663467388,2.10352421219579,0.841409684878317
30095,2005,2007,4.65396035015752,2.10352421219579,1.26211452731748
30095,2006,2007,4.65396035015752,2.10352421219579,1.68281936975663
30095,2007,2007,4.63472898822964,2.10352421219579,2.10352421219579
30101,2003,2007,4.24849524204936,1.66146094050125,0.33229218810025
30101,2004,2007,4.00733318523247,1.66146094050125,0.664584376200501
30101,2005,2007,4.26267987704132,1.66146094050125,0.996876564300752
30101,2006,2007,4.12713438504509,1.66146094050125,1.329168752401
30101,2007,2007,4.29045944114839,1.66146094050125,1.66146094050125
30109,2003,2007,2.70805020110221,0.0657877405380032,0.0131575481076006
30109,2004,2007,2.63905732961526,0.0657877405380032,0.0263150962152013
30109,2005,2007,2.19722457733622,0.0657877405380032,0.0394726443228019
30109,2006,2007,2.19722457733622,0.0657877405380032,0.0526301924304025
30109,2007,2007,2.30258509299405,0.0657877405380032,0.0657877405380032
31003,2003,0,4.62497281328427,2.00848245273934,0.401696490547868
31003,2004,0,4.44265125649032,2.00848245273934,0.803392981095737
31003,2005,0,4.4188406077966,2.00848245273934,1.20508947164361
31003,2006,0,4.55387689160054,2.00848245273934,1.60678596219147
31003,2007,0,4.51085950651685,2.00848245273934,2.00848245273934
31023,2003,0,4.76217393479776,2.17099467260645,0.43419893452129
31023,2004,0,4.51085950651685,2.17099467260645,0.868397869042579
31023,2005,0,4.70953020131233,2.17099467260645,1.30259680356387
31023,2006,0,4.62497281328427,2.17099467260645,1.73679573808516
31023,2007,0,4.77068462446567,2.17099467260645,2.17099467260645
31031,2003,0,4.88280192258637,1.81612682567635,0.36322536513527
31031,2004,0,5.01063529409626,1.81612682567635,0.72645073027054
31031,2005,0,5.07517381523383,1.81612682567635,1.08967609540581
31031,2006,0,4.96284463025991,1.81612682567635,1.45290146054108
31031,2007,0,4.87519732320115,1.81612682567635,1.81612682567635
31033,2003,0,5.49306144334055,2.28543893415908,0.457087786831815
31033,2004,0,5.5683445037611,2.28543893415908,0.91417557366363
31033,2005,0,5.5834963087817,2.28543893415908,1.37126336049545
31033,2006,0,5.54126354515843,2.28543893415908,1.82835114732726
31033,2007,0,5.59842195899838,2.28543893415908,2.28543893415908
31041,2003,0,5.11198778835654,2.46750613510783,0.493501227021567
31041,2004,0,5.04342511691925,2.46750613510783,0.987002454043133
31041,2005,0,5.06890420222023,2.46750613510783,1.4805036810647
31041,2006,0,5.21493575760899,2.46750613510783,1.97400490808627
31041,2007,0,5.28826703069454,2.46750613510783,2.46750613510783
31055,2003,0,9.36546200884348,6.13898975546329,1.22779795109266
31055,2004,0,9.3321154289021,6.13898975546329,2.45559590218531
31055,2005,0,9.31118068690225,6.13898975546329,3.68339385327797
31055,2006,0,9.32197118814737,6.13898975546329,4.91119180437063
31055,2007,0,9.32027043134838,6.13898975546329,6.13898975546329
31059,2003,0,4.97673374242057,1.89220794052486,0.378441588104972
31059,2004,0,4.77912349311153,1.89220794052486,0.756883176209944
31059,2005,0,4.74493212836325,1.89220794052486,1.13532476431492
31059,2006,0,4.70048036579242,1.89220794052486,1.51376635241989
31059,2007,0,4.64439089914137,1.89220794052486,1.89220794052486
31061,2003,0,3.71357206670431,1.27368541673724,0.254737083347447
31061,2004,0,3.61091791264422,1.27368541673724,0.509474166694895
31061,2005,0,3.40119738166216,1.27368541673724,0.764211250042342
31061,2006,0,3.3322045101752,1.27368541673724,1.01894833338979
31061,2007,0,3.61091791264422,1.27368541673724,1.27368541673724
31073,2003,0,2.70805020110221,0.76220671649144,0.152441343298288
31073,2004,0,2.77258872223978,0.76220671649144,0.304882686596576
31073,2005,0,2.83321334405622,0.76220671649144,0.457324029894864
31073,2006,0,2.70805020110221,0.76220671649144,0.609765373193152
31073,2007,0,2.63905732961526,0.76220671649144,0.76220671649144
31079,2003,0,7.1708884785125,3.98031696606713,0.796063393213427
31079,2004,0,7.09920174355309,3.98031696606713,1.59212678642685
31079,2005,0,7.06646697013696,3.98031696606713,2.38819017964028
31079,2006,0,7.16549347506085,3.98031696606713,3.18425357285371
31079,2007,0,7.17548971362422,3.98031696606713,3.98031696606713
31081,2003,0,5.21493575760899,2.24102878729494,0.448205757458988
31081,2004,0,5.24174701505964,2.24102878729494,0.896411514917976
31081,2005,0,5.20948615284142,2.24102878729494,1.34461727237696
31081,2006,0,5.15329159449778,2.24102878729494,1.79282302983595
31081,2007,0,5.14749447681345,2.24102878729494,2.24102878729494
31083,2003,0,3.85014760171006,1.33131005278713,0.266262010557426
31083,2004,0,3.73766961828337,1.33131005278713,0.532524021114852
31083,2005,0,3.89182029811063,1.33131005278713,0.798786031672279
31083,2006,0,3.98898404656427,1.33131005278713,1.0650480422297
31083,2007,0,3.85014760171006,1.33131005278713,1.33131005278713
31101,2003,0,5.4249500174814,2.18323833536148,0.436647667072296
31101,2004,0,5.30826769740121,2.18323833536148,0.873295334144592
31101,2005,0,5.30330490805908,2.18323833536148,1.30994300121689
31101,2006,0,5.23110861685459,2.18323833536148,1.74659066828918
31101,2007,0,5.26269018890489,2.18323833536148,2.18323833536148
31107,2003,0,5.04985600724954,2.23793989950051,0.447587979900103
31107,2004,0,5.19295685089021,2.23793989950051,0.895175959800206
31107,2005,0,5.08140436498446,2.23793989950051,1.34276393970031
31107,2006,0,5.03695260241363,2.23793989950051,1.79035191960041
31107,2007,0,5.14166355650266,2.23793989950051,2.23793989950051
31109,2003,0,8.57828829077605,5.52262424093949,1.1045248481879
31109,2004,0,8.52694548285892,5.52262424093949,2.2090496963758
31109,2005,0,8.53168763756669,5.52262424093949,3.31357454456369
31109,2006,0,8.52038808231276,5.52262424093949,4.41809939275159
31109,2007,0,8.5571828396324,5.52262424093949,5.52262424093949
31123,2003,0,4.46590811865458,1.69377906086785,0.33875581217357
31123,2004,0,4.40671924726425,1.69377906086785,0.677511624347141
31123,2005,0,4.20469261939097,1.69377906086785,1.01626743652071
31123,2006,0,4.24849524204936,1.69377906086785,1.35502324869428
31123,2007,0,4.04305126783455,1.69377906086785,1.69377906086785
31127,2003,0,4.92725368515721,2.02498535588378,0.404997071176755
31127,2004,0,4.95582705760126,2.02498535588378,0.809994142353511
31127,2005,0,4.71849887129509,2.02498535588378,1.21499121353027
31127,2006,0,4.64439089914137,2.02498535588378,1.61998828470702
31127,2007,0,4.67282883446191,2.02498535588378,2.02498535588378
31131,2003,0,5.94542060860658,2.7341077354215,0.5468215470843
31131,2004,0,5.70711026474888,2.7341077354215,1.0936430941686
31131,2005,0,5.69035945432406,2.7341077354215,1.6404646412529
31131,2006,0,5.74939298590825,2.7341077354215,2.1872861883372
31131,2007,0,5.80814248998044,2.7341077354215,2.7341077354215
31133,2003,0,3.13549421592915,1.12719974552002,0.225439949104004
31133,2004,0,3.09104245335832,1.12719974552002,0.450879898208009
31133,2005,0,3.13549421592915,1.12719974552002,0.676319847312013
31133,2006,0,3.49650756146648,1.12719974552002,0.901759796416018
31133,2007,0,3.55534806148941,1.12719974552002,1.12719974552002
31147,2003,0,4.83628190695148,2.25454964395549,0.450909928791098
31147,2004,0,4.92725368515721,2.25454964395549,0.901819857582196
31147,2005,0,4.93447393313069,2.25454964395549,1.35272978637329
31147,2006,0,4.72738781871234,2.25454964395549,1.80363971516439
31147,2007,0,4.74493212836325,2.25454964395549,2.25454964395549
31151,2003,0,5.66296048013595,2.6277796897056,0.52555593794112
31151,2004,0,5.44241771052179,2.6277796897056,1.05111187588224
31151,2005,0,5.50125821054473,2.6277796897056,1.57666781382336
31151,2006,0,5.4971682252932,2.6277796897056,2.10222375176448
31151,2007,0,5.40267738187228,2.6277796897056,2.6277796897056
31153,2003,0,7.53315880745556,4.8088862396362,0.961777247927241
31153,2004,0,7.49665243816828,4.8088862396362,1.92355449585448
31153,2005,0,7.53529670244409,4.8088862396362,2.88533174378172
31153,2006,0,7.53743003658651,4.8088862396362,3.84710899170896
31153,2007,0,7.61283103040736,4.8088862396362,4.8088862396362
31155,2003,0,5.60947179518496,2.9871959425317,0.597439188506341
31155,2004,0,5.6021188208797,2.9871959425317,1.19487837701268
31155,2005,0,5.46806014113513,2.9871959425317,1.79231756551902
31155,2006,0,5.50533153593236,2.9871959425317,2.38975675402536
31155,2007,0,5.63835466933375,2.9871959425317,2.9871959425317
31161,2003,0,4.45434729625351,1.82422665936556,0.364845331873111
31161,2004,0,4.31748811353631,1.82422665936556,0.729690663746223
31161,2005,0,4.26267987704132,1.82422665936556,1.09453599561933
31161,2006,0,4.27666611901606,1.82422665936556,1.45938132749245
31161,2007,0,4.11087386417331,1.82422665936556,1.82422665936556
31177,2003,0,5.84932477994686,2.93279247378012,0.586558494756023
31177,2004,0,5.83773044716594,2.93279247378012,1.17311698951205
31177,2005,0,5.73009978297357,2.93279247378012,1.75967548426807
31177,2006,0,5.67332326717149,2.93279247378012,2.34623397902409
31177,2007,0,5.59842195899838,2.93279247378012,2.93279247378012
32007,2003,2007,6.51323011091231,3.81310833725371,0.762621667450742
32007,2004,2007,6.67203294546107,3.81310833725371,1.52524333490148
32007,2005,2007,6.75110146893676,3.81310833725371,2.28786500235223
32007,2006,2007,6.81563999007433,3.81310833725371,3.05048666980297
32007,2007,2007,6.88653164253051,3.81310833725371,3.81310833725371
32011,2003,2007,2.56494935746154,0.501381164937991,0.100276232987598
32011,2004,2007,3.13549421592915,0.501381164937991,0.200552465975196
32011,2005,2007,2.83321334405622,0.501381164937991,0.300828698962795
32011,2006,2007,3.25809653802148,0.501381164937991,0.401104931950393
32011,2007,2007,3.3322045101752,0.501381164937991,0.501381164937991
32033,2003,2007,4.98360662170834,2.21713613116156,0.443427226232313
32033,2004,2007,4.91265488573605,2.21713613116156,0.886854452464625
32033,2005,2007,5.07517381523383,2.21713613116156,1.33028167869694
32033,2006,2007,5.18738580584075,2.21713613116156,1.77370890492925
32033,2007,2007,5.18178355029209,2.21713613116156,2.21713613116156
35006,2003,0,5.44241771052179,3.24239701990955,0.648479403981909
35006,2004,0,5.13579843705026,3.24239701990955,1.29695880796382
35006,2005,0,5.26269018890489,3.24239701990955,1.94543821194573
35006,2006,0,5.47227067367148,3.24239701990955,2.59391761592764
35006,2007,0,5.44241771052179,3.24239701990955,3.24239701990955
35013,2003,0,7.57865685059476,5.16296717805949,1.0325934356119
35013,2004,0,7.56060116276856,5.16296717805949,2.06518687122379
35013,2005,0,7.62851762657506,5.16296717805949,3.09778030683569
35013,2006,0,7.59689443814454,5.16296717805949,4.13037374244759
35013,2007,0,7.65681009148038,5.16296717805949,5.16296717805949
35025,2003,0,6.71901315438526,4.01658119931192,0.803316239862384
35025,2004,0,6.70563909486,4.01658119931192,1.60663247972477
35025,2005,0,6.79122146272619,4.01658119931192,2.40994871958715
35025,2006,0,6.89162589705225,4.01658119931192,3.21326495944954
35025,2007,0,7.03262426102801,4.01658119931192,4.01658119931192
35033,2003,0,3.04452243772342,1.64480505627139,0.328961011254278
35033,2004,0,2.19722457733622,1.64480505627139,0.657922022508557
35033,2005,0,2.484906649788,1.64480505627139,0.986883033762835
35033,2006,0,3.04452243772342,1.64480505627139,1.31584404501711
35033,2007,0,2.83321334405622,1.64480505627139,1.64480505627139
35045,2003,0,7.44658509915773,4.73445130899984,0.946890261799969
35045,2004,0,7.37713371283395,4.73445130899984,1.89378052359994
35045,2005,0,7.35308192051543,4.73445130899984,2.84067078539991
35045,2006,0,7.36770857237437,4.73445130899984,3.78756104719987
35045,2007,0,7.44775128004791,4.73445130899984,4.73445130899984
37005,2003,2007,4.62497281328427,2.36809189519617,0.473618379039233
37005,2004,2007,4.58496747867057,2.36809189519617,0.947236758078466
37005,2005,2007,4.67282883446191,2.36809189519617,1.4208551371177
37005,2006,2007,4.63472898822964,2.36809189519617,1.89447351615693
37005,2007,2007,4.62497281328427,2.36809189519617,2.36809189519617
37021,2003,2007,8.0487882835342,5.32947682879714,1.06589536575943
37021,2004,2007,8.06589354696427,5.32947682879714,2.13179073151886
37021,2005,2007,8.14206328310415,5.32947682879714,3.19768609727828
37021,2006,2007,8.18395571730495,5.32947682879714,4.26358146303771
37021,2007,2007,8.24800570160062,5.32947682879714,5.32947682879714
37025,2003,2007,7.6231530684769,4.87567812362863,0.975135624725727
37025,2004,2007,7.68570306123455,4.87567812362863,1.95027124945145
37025,2005,2007,7.70571282389443,4.87567812362863,2.92540687417718
37025,2006,2007,7.8087293067444,4.87567812362863,3.90054249890291
37025,2007,2007,7.900636613018,4.87567812362863,4.87567812362863
37029,2003,2007,3.29583686600433,1.92934513218062,0.385869026436124
37029,2004,2007,2.94443897916644,1.92934513218062,0.771738052872247
37029,2005,2007,3.46573590279973,1.92934513218062,1.15760707930837
37029,2006,2007,3.36729582998647,1.92934513218062,1.54347610574449
37029,2007,2007,3.25809653802148,1.92934513218062,1.92934513218062
37041,2003,2007,5.06890420222023,2.67594014718398,0.535188029436795
37041,2004,2007,5.18738580584075,2.67594014718398,1.07037605887359
37041,2005,2007,4.93447393313069,2.67594014718398,1.60556408831039
37041,2006,2007,5.08140436498446,2.67594014718398,2.14075211774718
37041,2007,2007,5.08140436498446,2.67594014718398,2.67594014718398
37051,2003,2007,8.03624994213212,5.71361068584184,1.14272213716837
37051,2004,2007,8.04269949689764,5.71361068584184,2.28544427433674
37051,2005,2007,8.08948247436075,5.71361068584184,3.42816641150511
37051,2006,2007,8.12622252945853,5.71361068584184,4.57088854867348
37051,2007,2007,8.13973227971767,5.71361068584184,5.71361068584184
37057,2003,2007,7.2841348061952,4.99210465747682,0.998420931495364
37057,2004,2007,7.2283884515736,4.99210465747682,1.99684186299073
37057,2005,2007,7.22983877815125,4.99210465747682,2.99526279448609
37057,2006,2007,7.24208235925696,4.99210465747682,3.99368372598146
37057,2007,2007,7.24064969425547,4.99210465747682,4.99210465747682
37059,2003,2007,5.95842469302978,3.55062262848208,0.710124525696416
37059,2004,2007,5.9427993751267,3.55062262848208,1.42024905139283
37059,2005,2007,6.13988455222626,3.55062262848208,2.13037357708925
37059,2006,2007,6.13556489108174,3.55062262848208,2.84049810278567
37059,2007,2007,6.10924758276437,3.55062262848208,3.55062262848208
37063,2003,2007,7.96797317966293,5.40857885280557,1.08171577056111
37063,2004,2007,7.96485088744731,5.40857885280557,2.16343154112223
37063,2005,2007,7.95296679092313,5.40857885280557,3.24514731168334
37063,2006,2007,8.02059914989697,5.40857885280557,4.32686308224446
37063,2007,2007,8.02845516411425,5.40857885280557,5.40857885280557
37075,2003,2007,4.02535169073515,2.07856615864388,0.415713231728776
37075,2004,2007,4.24849524204936,2.07856615864388,0.831426463457553
37075,2005,2007,4.17438726989564,2.07856615864388,1.24713969518633
37075,2006,2007,4.47733681447821,2.07856615864388,1.66285292691511
37075,2007,2007,4.75359019110636,2.07856615864388,2.07856615864388
37079,2003,2007,4.61512051684126,2.94306962097069,0.588613924194137
37079,2004,2007,4.70953020131233,2.94306962097069,1.17722784838827
37079,2005,2007,4.51085950651685,2.94306962097069,1.76584177258241
37079,2006,2007,4.51085950651685,2.94306962097069,2.35445569677655
37079,2007,2007,4.51085950651685,2.94306962097069,2.94306962097069
37085,2003,2007,6.84374994900622,4.5111341940615,0.902226838812299
37085,2004,2007,6.85751406254539,4.5111341940615,1.8044536776246
37085,2005,2007,6.93731408122368,4.5111341940615,2.7066805164369
37085,2006,2007,7.0352685992811,4.5111341940615,3.6089073552492
37085,2007,2007,6.99301512293296,4.5111341940615,4.5111341940615
37093,2003,2007,5.23110861685459,3.51589417829697,0.703178835659394
37093,2004,2007,5.14166355650266,3.51589417829697,1.40635767131879
37093,2005,2007,5.28826703069454,3.51589417829697,2.10953650697818
37093,2006,2007,5.25227342804663,3.51589417829697,2.81271534263758
37093,2007,2007,5.30826769740121,3.51589417829697,3.51589417829697
37099,2003,2007,5.79301360838414,3.50016752229797,0.700033504459593
37099,2004,2007,5.75574221358691,3.50016752229797,1.40006700891919
37099,2005,2007,5.82600010738045,3.50016752229797,2.10010051337878
37099,2006,2007,5.84932477994686,3.50016752229797,2.80013401783837
37099,2007,2007,5.97380961186926,3.50016752229797,3.50016752229797
37103,2003,2007,3.8286413964891,2.33997721221111,0.467995442442222
37103,2004,2007,3.66356164612965,2.33997721221111,0.935990884884443
37103,2005,2007,3.76120011569356,2.33997721221111,1.40398632732667
37103,2006,2007,4.11087386417331,2.33997721221111,1.87198176976889
37103,2007,2007,3.13549421592915,2.33997721221111,2.33997721221111
37105,2003,2007,6.59850902861452,3.89263629162796,0.778527258325591
37105,2004,2007,6.58617165485467,3.89263629162796,1.55705451665118
37105,2005,2007,6.67582322163485,3.89263629162796,2.33558177497677
37105,2006,2007,6.59304453414244,3.89263629162796,3.11410903330236
37105,2007,2007,6.65027904858742,3.89263629162796,3.89263629162796
37117,2003,2007,5.35658627467201,3.24231887659467,0.648463775318934
37117,2004,2007,5.40267738187228,3.24231887659467,1.29692755063787
37117,2005,2007,5.48893772615669,3.24231887659467,1.9453913259568
37117,2006,2007,5.44241771052179,3.24231887659467,2.59385510127573
37117,2007,2007,5.41164605185504,3.24231887659467,3.24231887659467
37123,2003,2007,5.53338948872752,3.28922244628875,0.65784448925775
37123,2004,2007,5.4380793089232,3.28922244628875,1.3156889785155
37123,2005,2007,5.55682806169954,3.28922244628875,1.97353346777325
37123,2006,2007,5.605802066296,3.28922244628875,2.631377957031
37123,2007,2007,5.57972982598622,3.28922244628875,3.28922244628875
37127,2003,2007,7.1708884785125,4.47072408943517,0.894144817887034
37127,2004,2007,7.11558212618445,4.47072408943517,1.78828963577407
37127,2005,2007,7.11639414409346,4.47072408943517,2.6824344536611
37127,2006,2007,7.22548147278229,4.47072408943517,3.57657927154813
37127,2007,2007,7.35627987655075,4.47072408943517,4.47072408943517
37155,2003,2007,6.85751406254539,4.81493666186062,0.962987332372125
37155,2004,2007,6.85329909318608,4.81493666186062,1.92597466474425
37155,2005,2007,7.05444965813294,4.81493666186062,2.88896199711637
37155,2006,2007,6.99393297522319,4.81493666186062,3.8519493294885
37155,2007,2007,7.03790596344718,4.81493666186062,4.81493666186062
37161,2003,2007,6.30078579466324,4.14153026532882,0.828306053065765
37161,2004,2007,6.24610676548156,4.14153026532882,1.65661210613153
37161,2005,2007,6.25575004175337,4.14153026532882,2.48491815919729
37161,2006,2007,6.29710931993394,4.14153026532882,3.31322421226306
37161,2007,2007,6.4281052726846,4.14153026532882,4.14153026532882
37163,2003,2007,6.31716468674728,4.09702430184386,0.819404860368772
37163,2004,2007,6.38519439899773,4.09702430184386,1.63880972073754
37163,2005,2007,6.32435896238131,4.09702430184386,2.45821458110632
37163,2006,2007,6.34212141872115,4.09702430184386,3.27761944147509
37163,2007,2007,6.44730586254121,4.09702430184386,4.09702430184386
37165,2003,2007,6.15485809401642,3.58346338135729,0.716692676271457
37165,2004,2007,6.20657592672493,3.58346338135729,1.43338535254291
37165,2005,2007,6.14846829591765,3.58346338135729,2.15007802881437
37165,2006,2007,6.18208490671663,3.58346338135729,2.86677070508583
37165,2007,2007,6.16331480403464,3.58346338135729,3.58346338135729
37167,2003,2007,6.62539236800796,4.06216566385787,0.812433132771573
37167,2004,2007,6.54391184556479,4.06216566385787,1.62486626554315
37167,2005,2007,6.61338421837956,4.06216566385787,2.43729939831472
37167,2006,2007,6.62936325343745,4.06216566385787,3.24973253108629
37167,2007,2007,6.61740297797448,4.06216566385787,4.06216566385787
37175,2003,2007,5.67675380226828,3.37874725282456,0.675749450564913
37175,2004,2007,5.70711026474888,3.37874725282456,1.35149890112983
37175,2005,2007,5.75890177387728,3.37874725282456,2.02724835169474
37175,2006,2007,5.78074351579233,3.37874725282456,2.70299780225965
37175,2007,2007,5.71373280550937,3.37874725282456,3.37874725282456
37189,2003,2007,6.3261494731551,3.75408181735957,0.750816363471914
37189,2004,2007,6.35610766069589,3.75408181735957,1.50163272694383
37189,2005,2007,6.35088571671474,3.75408181735957,2.25244909041574
37189,2006,2007,6.44413125670044,3.75408181735957,3.00326545388766
37189,2007,2007,6.43294009273918,3.75408181735957,3.75408181735957
37191,2003,2007,7.24708058458576,4.73029509291699,0.946059018583398
37191,2004,2007,7.2283884515736,4.73029509291699,1.8921180371668
37191,2005,2007,7.21744343169653,4.73029509291699,2.8381770557502
37191,2006,2007,7.30988148582479,4.73029509291699,3.78423607433359
37191,2007,2007,7.30451594646016,4.73029509291699,4.73029509291699
38001,2003,0,4.11087386417331,0.952815506556527,0.190563101311305
38001,2004,0,4.0943445622221,0.952815506556527,0.381126202622611
38001,2005,0,4.06044301054642,0.952815506556527,0.571689303933916
38001,2006,0,3.89182029811063,0.952815506556527,0.762252405245222
38001,2007,0,4.17438726989564,0.952815506556527,0.952815506556527
38021,2003,0,4.68213122712422,1.75041650569367,0.350083301138734
38021,2004,0,4.29045944114839,1.75041650569367,0.700166602277469
38021,2005,0,4.51085950651685,1.75041650569367,1.0502499034162
38021,2006,0,4.74493212836325,1.75041650569367,1.40033320455494
38021,2007,0,4.62497281328427,1.75041650569367,1.75041650569367
38023,2003,0,4.11087386417331,0.825490367547658,0.165098073509532
38023,2004,0,4.11087386417331,0.825490367547658,0.330196147019063
38023,2005,0,3.87120101090789,0.825490367547658,0.495294220528595
38023,2006,0,3.89182029811063,0.825490367547658,0.660392294038127
38023,2007,0,3.85014760171006,0.825490367547658,0.825490367547659
38035,2003,0,7.28138566357028,4.19130489492644,0.838260978985288
38035,2004,0,7.20637729147225,4.19130489492644,1.67652195797058
38035,2005,0,7.29369772060144,4.19130489492644,2.51478293695586
38035,2006,0,7.28207365809346,4.19130489492644,3.35304391594115
38035,2007,0,7.28207365809346,4.19130489492644,4.19130489492644
38037,2003,0,3.46573590279973,1.04415610287205,0.20883122057441
38037,2004,0,3.2188758248682,1.04415610287205,0.41766244114882
38037,2005,0,3.13549421592915,1.04415610287205,0.626493661723231
38037,2006,0,3.29583686600433,1.04415610287205,0.835324882297641
38037,2007,0,3.46573590279973,1.04415610287205,1.04415610287205
38049,2003,0,3.98898404656427,1.78959045194322,0.357918090388643
38049,2004,0,3.63758615972639,1.78959045194322,0.715836180777286
38049,2005,0,3.89182029811063,1.78959045194322,1.07375427116593
38049,2006,0,3.8286413964891,1.78959045194322,1.43167236155457
38049,2007,0,4.02535169073515,1.78959045194322,1.78959045194322
38061,2003,0,4.9416424226093,1.89175562238673,0.378351124477346
38061,2004,0,4.70953020131233,1.89175562238673,0.756702248954692
38061,2005,0,4.64439089914137,1.89175562238673,1.13505337343204
38061,2006,0,4.59511985013459,1.89175562238673,1.51340449790938
38061,2007,0,4.7361984483945,1.89175562238673,1.89175562238673
38063,2003,0,3.91202300542815,1.31237867816972,0.262475735633944
38063,2004,0,4.04305126783455,1.31237867816972,0.524951471267889
38063,2005,0,4.04305126783455,1.31237867816972,0.787427206901833
38063,2006,0,3.80666248977032,1.31237867816972,1.04990294253578
38063,2007,0,3.71357206670431,1.31237867816972,1.31237867816972
38073,2003,0,4.83628190695148,1.7732559976635,0.354651199532699
38073,2004,0,4.87519732320115,1.7732559976635,0.709302399065398
38073,2005,0,4.75359019110636,1.7732559976635,1.0639535985981
38073,2006,0,4.76217393479776,1.7732559976635,1.4186047981308
38073,2007,0,4.79579054559674,1.7732559976635,1.7732559976635
38097,2003,0,5.16478597392351,2.13735661362627,0.427471322725254
38097,2004,0,5.14166355650266,2.13735661362627,0.854942645450507
38097,2005,0,5.01727983681492,2.13735661362627,1.28241396817576
38097,2006,0,5.08759633523238,2.13735661362627,1.70988529090101
38097,2007,0,5.05624580534831,2.13735661362627,2.13735661362627
38099,2003,0,5.84643877505772,2.5168089821336,0.50336179642672
38099,2004,0,5.77144112313002,2.5168089821336,1.00672359285344
38099,2005,0,5.6970934865054,2.5168089821336,1.51008538928016
38099,2006,0,5.69035945432406,2.5168089821336,2.01344718570688
38099,2007,0,5.67332326717149,2.5168089821336,2.5168089821336
38105,2003,0,6.16751649088834,2.98371029832667,0.596742059665333
38105,2004,0,6.07073772800249,2.98371029832667,1.19348411933067
38105,2005,0,6.12468339089421,2.98371029832667,1.790226178996
38105,2006,0,6.16961073249146,2.98371029832667,2.38696823866133
38105,2007,0,6.18826412308259,2.98371029832667,2.98371029832667
39019,2003,2007,5.46383180502561,3.36162460654233,0.672324921308466
39019,2004,2007,5.44241771052179,3.36162460654233,1.34464984261693
39019,2005,2007,5.40267738187228,3.36162460654233,2.0169747639254
39019,2006,2007,5.27811465923052,3.36162460654233,2.68929968523387
39019,2007,2007,5.35185813347607,3.36162460654233,3.36162460654233
39021,2003,2007,5.89989735358249,3.66073714816766,0.732147429633531
39021,2004,2007,5.77455154554441,3.66073714816766,1.46429485926706
39021,2005,2007,5.80211837537706,3.66073714816766,2.19644228890059
39021,2006,2007,5.8636311755981,3.66073714816766,2.92858971853412
39021,2007,2007,5.78382518232974,3.66073714816766,3.66073714816766
39035,2003,2007,10.0020198086004,7.23991680927341,1.44798336185468
39035,2004,2007,9.94755228369823,7.23991680927341,2.89596672370936
39035,2005,2007,9.91467474192669,7.23991680927341,4.34395008556404
39035,2006,2007,9.91595945403145,7.23991680927341,5.79193344741873
39035,2007,2007,9.89374020108125,7.23991680927341,7.23991680927341
39047,2003,2007,6.34212141872115,3.34755044243138,0.669510088486276
39047,2004,2007,6.3297209055227,3.34755044243138,1.33902017697255
39047,2005,2007,6.33859407820318,3.34755044243138,2.00853026545883
39047,2006,2007,6.23244801655052,3.34755044243138,2.6780403539451
39047,2007,2007,6.24416690066374,3.34755044243138,3.34755044243138
39055,2003,2007,7.29437729928882,4.50970499417002,0.901940998834005
39055,2004,2007,7.24208235925696,4.50970499417002,1.80388199766801
39055,2005,2007,7.22037383672395,4.50970499417002,2.70582299650201
39055,2006,2007,7.30921236569276,4.50970499417002,3.60776399533602
39055,2007,2007,7.24279792279376,4.50970499417002,4.50970499417002
39063,2003,2007,7.15461535691366,4.26682619873408,0.853365239746817
39063,2004,2007,7.06219163228656,4.26682619873408,1.70673047949363
39063,2005,2007,7.12929754892937,4.26682619873408,2.56009571924045
39063,2006,2007,7.11395610956603,4.26682619873408,3.41346095898727
39063,2007,2007,7.14677217945264,4.26682619873408,4.26682619873408
39071,2003,2007,6.11368217983223,3.71051862921742,0.742103725843483
39071,2004,2007,6.14418563412565,3.71051862921742,1.48420745168697
39071,2005,2007,6.21060007702465,3.71051862921742,2.22631117753045
39071,2006,2007,6.19236248947487,3.71051862921742,2.96841490337393
39071,2007,2007,6.10702288774225,3.71051862921742,3.71051862921742
39079,2003,2007,5.8348107370626,3.4855691668815,0.697113833376299
39079,2004,2007,5.75574221358691,3.4855691668815,1.3942276667526
39079,2005,2007,5.86929691313377,3.4855691668815,2.0913415001289
39079,2006,2007,5.82600010738045,3.4855691668815,2.7884553335052
39079,2007,2007,5.78996017089725,3.4855691668815,3.4855691668815
39095,2003,2007,9.01054706927019,6.12041609322756,1.22408321864551
39095,2004,2007,8.92718138825199,6.12041609322756,2.44816643729102
39095,2005,2007,8.84202652949881,6.12041609322756,3.67224965593654
39095,2006,2007,8.84029066908897,6.12041609322756,4.89633287458205
39095,2007,2007,8.82173238093444,6.12041609322756,6.12041609322756
39097,2003,2007,5.97635090929793,3.69419032643251,0.738838065286503
39097,2004,2007,5.94017125272043,3.69419032643251,1.47767613057301
39097,2005,2007,6.13339804299665,3.69419032643251,2.21651419585951
39097,2006,2007,5.95064255258773,3.69419032643251,2.95535226114601
39097,2007,2007,5.85507192220243,3.69419032643251,3.69419032643251
39107,2003,2007,6.77650699237218,3.71171668801669,0.742343337603339
39107,2004,2007,6.7696419768525,3.71171668801669,1.48468667520668
39107,2005,2007,6.73459165997295,3.71171668801669,2.22703001281002
39107,2006,2007,6.80572255341699,3.71171668801669,2.96937335041335
39107,2007,2007,6.71901315438526,3.71171668801669,3.71171668801669
39111,2003,2007,3.3322045101752,2.71997877196748,0.543995754393497
39111,2004,2007,3.25809653802148,2.71997877196748,1.08799150878699
39111,2005,2007,3.52636052461616,2.71997877196748,1.63198726318049
39111,2006,2007,3.49650756146648,2.71997877196748,2.17598301757399
39111,2007,2007,3.40119738166216,2.71997877196748,2.71997877196748
39119,2003,2007,7.12044437239249,4.43775694592726,0.887551389185451
39119,2004,2007,7.02553831463852,4.43775694592726,1.7751027783709
39119,2005,2007,6.94601399109923,4.43775694592726,2.66265416755635
39119,2006,2007,6.8596149036542,4.43775694592726,3.5502055567418
39119,2007,2007,6.89568269774787,4.43775694592726,4.43775694592726
39143,2003,2007,6.83195356556585,4.1237739062461,0.824754781249221
39143,2004,2007,6.82871207164168,4.1237739062461,1.64950956249844
39143,2005,2007,6.74523634948436,4.1237739062461,2.47426434374766
39143,2006,2007,6.73340189183736,4.1237739062461,3.29901912499688
39143,2007,2007,6.76503897678054,4.1237739062461,4.1237739062461
39163,2003,2007,4.23410650459726,2.54991381109661,0.509982762219322
39163,2004,2007,4.24849524204936,2.54991381109661,1.01996552443864
39163,2005,2007,4.0943445622221,2.54991381109661,1.52994828665797
39163,2006,2007,3.87120101090789,2.54991381109661,2.03993104887729
39163,2007,2007,4.00733318523247,2.54991381109661,2.54991381109661
39173,2003,2007,7.55799495853081,4.79632759144445,0.959265518288889
39173,2004,2007,7.52131798019924,4.79632759144445,1.91853103657778
39173,2005,2007,7.46508273639955,4.79632759144445,2.87779655486667
39173,2006,2007,7.47363710849621,4.79632759144445,3.83706207315556
39173,2007,2007,7.51261754467451,4.79632759144445,4.79632759144445
40003,2003,0,4.02535169073515,1.80910810756267,0.361821621512534
40003,2004,0,3.76120011569356,1.80910810756267,0.723643243025067
40003,2005,0,3.91202300542815,1.80910810756267,1.0854648645376
40003,2006,0,3.85014760171006,1.80910810756267,1.44728648605013
40003,2007,0,3.98898404656427,1.80910810756267,1.80910810756267
40013,2003,0,6.1779441140506,3.59824333385449,0.719648666770898
40013,2004,0,6.24222326545517,3.59824333385449,1.4392973335418
40013,2005,0,6.2803958389602,3.59824333385449,2.1589460003127
40013,2006,0,6.13556489108174,3.59824333385449,2.87859466708359
40013,2007,0,6.19236248947487,3.59824333385449,3.59824333385449
40015,2003,0,5.45958551414416,3.40618492317319,0.681236984634639
40015,2004,0,5.27811465923052,3.40618492317319,1.36247396926928
40015,2005,0,5.32787616878958,3.40618492317319,2.04371095390392
40015,2006,0,5.41164605185504,3.40618492317319,2.72494793853856
40015,2007,0,5.3890717298165,3.40618492317319,3.40618492317319
40017,2003,0,7.12125245324454,4.47388769126739,0.894777538253478
40017,2004,0,7.08590146436561,4.47388769126739,1.78955507650696
40017,2005,0,7.00033446027523,4.47388769126739,2.68433261476043
40017,2006,0,7.07834157955767,4.47388769126739,3.57911015301391
40017,2007,0,7.09090982207998,4.47388769126739,4.47388769126739
40025,2003,0,3.80666248977032,1.14676733055516,0.229353466111031
40025,2004,0,3.58351893845611,1.14676733055516,0.458706932222063
40025,2005,0,3.55534806148941,1.14676733055516,0.688060398333094
40025,2006,0,3.93182563272433,1.14676733055516,0.917413864444126
40025,2007,0,3.55534806148941,1.14676733055516,1.14676733055516
40039,2003,0,6.04500531403601,3.26354321636336,0.652708643272672
40039,2004,0,5.98645200528444,3.26354321636336,1.30541728654534
40039,2005,0,5.89989735358249,3.26354321636336,1.95812592981802
40039,2006,0,5.98393628068719,3.26354321636336,2.61083457309069
40039,2007,0,6.02344759296103,3.26354321636336,3.26354321636336
40063,2003,0,4.62497281328427,2.64999726965359,0.529999453930719
40063,2004,0,4.45434729625351,2.64999726965359,1.05999890786144
40063,2005,0,4.27666611901606,2.64999726965359,1.58999836179216
40063,2006,0,4.11087386417331,2.64999726965359,2.11999781572287
40063,2007,0,4.52178857704904,2.64999726965359,2.64999726965359
40069,2003,0,4.49980967033027,2.35261258659369,0.470522517318739
40069,2004,0,4.38202663467388,2.35261258659369,0.941045034637477
40069,2005,0,4.18965474202643,2.35261258659369,1.41156755195622
40069,2006,0,4.18965474202643,2.35261258659369,1.88209006927495
40069,2007,0,4.66343909411207,2.35261258659369,2.35261258659369
40075,2003,0,4.60517018598809,2.32503128182388,0.465006256364775
40075,2004,0,4.38202663467388,2.32503128182388,0.93001251272955
40075,2005,0,4.26267987704132,2.32503128182388,1.39501876909433
40075,2006,0,4.26267987704132,2.32503128182388,1.8600250254591
40075,2007,0,4.11087386417331,2.32503128182388,2.32503128182388
40083,2003,0,5.65599181081985,3.52412272849945,0.704824545699891
40083,2004,0,5.38449506278909,3.52412272849945,1.40964909139978
40083,2005,0,5.42934562895444,3.52412272849945,2.11447363709967
40083,2006,0,5.4380793089232,3.52412272849945,2.81929818279956
40083,2007,0,5.47227067367148,3.52412272849945,3.52412272849945
40101,2003,0,7.02642680869964,4.24062146794478,0.848124293588956
40101,2004,0,6.7945865808765,4.24062146794478,1.69624858717791
40101,2005,0,6.91075078796194,4.24062146794478,2.54437288076687
40101,2006,0,6.95177216439891,4.24062146794478,3.39249717435583
40101,2007,0,6.78332520060396,4.24062146794478,4.24062146794478
40119,2003,0,6.96034772910131,4.22229792653256,0.844459585306512
40119,2004,0,6.87729607149743,4.22229792653256,1.68891917061302
40119,2005,0,6.7202201551353,4.22229792653256,2.53337875591954
40119,2006,0,6.81014245011514,4.22229792653256,3.37783834122605
40119,2007,0,6.83625927727707,4.22229792653256,4.22229792653256
40137,2003,0,6.20657592672493,3.76542374175372,0.753084748350744
40137,2004,0,6.17170059741091,3.76542374175372,1.50616949670149
40137,2005,0,6.19440539110467,3.76542374175372,2.25925424505223
40137,2006,0,6.30261897574491,3.76542374175372,3.01233899340298
40137,2007,0,6.30809844150953,3.76542374175372,3.76542374175372
40143,2003,0,9.27556615689389,6.33381057064612,1.26676211412922
40143,2004,0,9.18502256399189,6.33381057064612,2.53352422825845
40143,2005,0,9.21303673352392,6.33381057064612,3.80028634238767
40143,2006,0,9.31775876874345,6.33381057064612,5.0670484565169
40143,2007,0,9.36108525866861,6.33381057064612,6.33381057064612
40145,2003,0,5.89164421182577,4.05162841381337,0.810325682762674
40145,2004,0,5.85220247977447,4.05162841381337,1.62065136552535
40145,2005,0,5.92425579741453,4.05162841381337,2.43097704828802
40145,2006,0,6.00635315960173,4.05162841381337,3.24130273105069
40145,2007,0,6.02102334934953,4.05162841381337,4.05162841381337
40153,2003,0,5.73334127689775,2.91701368884259,0.583402737768517
40153,2004,0,5.64190707093811,2.91701368884259,1.16680547553703
40153,2005,0,5.7268477475872,2.91701368884259,1.75020821330555
40153,2006,0,5.86929691313377,2.91701368884259,2.33361095107407
40153,2007,0,5.95064255258773,2.91701368884259,2.91701368884259
45007,2003,0,7.6586995582683,5.1104202954209,1.02208405908418
45007,2004,0,7.61184239958042,5.1104202954209,2.04416811816836
45007,2005,0,7.62217459481762,5.1104202954209,3.06625217725254
45007,2006,0,7.65822752616135,5.1104202954209,4.08833623633672
45007,2007,0,7.63964228785801,5.1104202954209,5.1104202954209
45009,2003,0,5.03043792139244,2.81289058151315,0.56257811630263
45009,2004,0,4.93447393313069,2.81289058151315,1.12515623260526
45009,2005,0,5.12989871492307,2.81289058151315,1.68773434890789
45009,2006,0,5.05624580534831,2.81289058151315,2.25031246521052
45009,2007,0,5.14166355650266,2.81289058151315,2.81289058151315
45013,2003,0,7.58222919427646,4.79526974884863,0.959053949769726
45013,2004,0,7.57044325205737,4.79526974884863,1.91810789953945
45013,2005,0,7.6511201757027,4.79526974884863,2.87716184930918
45013,2006,0,7.74586822979227,4.79526974884863,3.8362157990789
45013,2007,0,7.71779621101358,4.79526974884863,4.79526974884863
45017,2003,0,4.21950770517611,2.72030809849771,0.544061619699542
45017,2004,0,4.12713438504509,2.72030809849771,1.08812323939908
45017,2005,0,4.14313472639153,2.72030809849771,1.63218485909863
45017,2006,0,4.17438726989564,2.72030809849771,2.17624647879817
45017,2007,0,4.23410650459726,2.72030809849771,2.72030809849771
45019,2003,0,8.52237971810354,5.73647229247886,1.14729445849577
45019,2004,0,8.50936261230105,5.73647229247886,2.29458891699154
45019,2005,0,8.60575336839572,5.73647229247886,3.44188337548732
45019,2006,0,8.70018119275335,5.73647229247886,4.58917783398309
45019,2007,0,8.71292443512011,5.73647229247886,5.73647229247886
45023,2003,0,5.34710753071747,3.52835852727883,0.705671705455767
45023,2004,0,5.35185813347607,3.52835852727883,1.41134341091153
45023,2005,0,5.35658627467201,3.52835852727883,2.1170151163673
45023,2006,0,5.47646355193151,3.52835852727883,2.82268682182307
45023,2007,0,5.52545293913178,3.52835852727883,3.52835852727883
45025,2003,0,5.80513496891649,3.75579015939656,0.751158031879313
45025,2004,0,5.73334127689775,3.75579015939656,1.50231606375863
45025,2005,0,5.85220247977447,3.75579015939656,2.25347409563794
45025,2006,0,5.78382518232974,3.75579015939656,3.00463212751725
45025,2007,0,5.89989735358249,3.75579015939656,3.75579015939656
45037,2003,0,5.0998664278242,3.2025431702473,0.640508634049461
45037,2004,0,4.969813299576,3.2025431702473,1.28101726809892
45037,2005,0,5.03043792139244,3.2025431702473,1.92152590214838
45037,2006,0,4.99721227376411,3.2025431702473,2.56203453619784
45037,2007,0,5.27299955856375,3.2025431702473,3.2025431702473
45051,2003,0,7.98786409608569,5.28131870446459,1.05626374089292
45051,2004,0,7.97453284413023,5.28131870446459,2.11252748178584
45051,2005,0,8.11282747875137,5.28131870446459,3.16879122267875
45051,2006,0,8.19973896063079,5.28131870446459,4.22505496357167
45051,2007,0,8.28652137368124,5.28131870446459,5.28131870446459
45055,2003,0,6.1779441140506,3.96360925689958,0.792721851379916
45055,2004,0,6.30261897574491,3.96360925689958,1.58544370275983
45055,2005,0,6.4085287910595,3.96360925689958,2.37816555413975
45055,2006,0,6.28599809450886,3.96360925689958,3.17088740551966
45055,2007,0,6.3818160174061,3.96360925689958,3.96360925689958
45059,2003,0,6.42162226780652,4.24229031697041,0.848458063394082
45059,2004,0,6.25766758788264,4.24229031697041,1.69691612678816
45059,2005,0,6.32435896238131,4.24229031697041,2.54537419018224
45059,2006,0,6.35610766069589,4.24229031697041,3.39383225357633
45059,2007,0,6.34212141872115,4.24229031697041,4.24229031697041
45067,2003,0,5.69035945432406,3.56857449107029,0.713714898214058
45067,2004,0,5.605802066296,3.56857449107029,1.42742979642812
45067,2005,0,5.61312810638807,3.56857449107029,2.14114469464217
45067,2006,0,5.64544689764324,3.56857449107029,2.85485959285623
45067,2007,0,5.63835466933375,3.56857449107029,3.56857449107029
45073,2003,0,6.56526497003536,4.19290702337893,0.838581404675786
45073,2004,0,6.43294009273918,4.19290702337893,1.67716280935157
45073,2005,0,6.39692965521615,4.19290702337893,2.51574421402736
45073,2006,0,6.41836493593621,4.19290702337893,3.35432561870314
45073,2007,0,6.44413125670044,4.19290702337893,4.19290702337893
45081,2003,0,5.04985600724954,2.95392020573955,0.59078404114791
45081,2004,0,5.10594547390058,2.95392020573955,1.18156808229582
45081,2005,0,5.15329159449778,2.95392020573955,1.77235212344373
45081,2006,0,5.16478597392351,2.95392020573955,2.36313616459164
45081,2007,0,5.11198778835654,2.95392020573955,2.95392020573955
45087,2003,0,5.2257466737132,3.39722282690674,0.679444565381349
45087,2004,0,5.01727983681492,3.39722282690674,1.3588891307627
45087,2005,0,5.09375020080676,3.39722282690674,2.03833369614405
45087,2006,0,5.32787616878958,3.39722282690674,2.7177782615254
45087,2007,0,5.40717177146012,3.39722282690674,3.39722282690674
46013,2003,0,6.74993119378857,3.56840530064606,0.713681060129212
46013,2004,0,6.68586094706836,3.56840530064606,1.42736212025842
46013,2005,0,6.70196036600254,3.56840530064606,2.14104318038764
46013,2006,0,6.78219205600679,3.56840530064606,2.85472424051685
46013,2007,0,6.78671695060508,3.56840530064606,3.56840530064606
46021,2003,0,3.04452243772342,0.577736329048618,0.115547265809724
46021,2004,0,2.99573227355399,0.577736329048618,0.231094531619447
46021,2005,0,2.70805020110221,0.577736329048618,0.346641797429171
46021,2006,0,2.70805020110221,0.577736329048618,0.462189063238894
46021,2007,0,2.56494935746154,0.577736329048618,0.577736329048618
46029,2003,0,6.61606518513282,3.25412713188084,0.650825426376167
46029,2004,0,6.56244409369372,3.25412713188084,1.30165085275233
46029,2005,0,6.62406522779989,3.25412713188084,1.9524762791285
46029,2006,0,6.59304453414244,3.25412713188084,2.60330170550467
46029,2007,0,6.57228254269401,3.25412713188084,3.25412713188084
46033,2003,0,4.23410650459726,1.98444381305756,0.396888762611511
46033,2004,0,4.18965474202643,1.98444381305756,0.793777525223023
46033,2005,0,4.4188406077966,1.98444381305756,1.19066628783453
46033,2006,0,4.47733681447821,1.98444381305756,1.58755505044605
46033,2007,0,4.39444915467244,1.98444381305756,1.98444381305756
46047,2003,0,4.60517018598809,2.00861663589956,0.401723327179911
46047,2004,0,4.69134788222914,2.00861663589956,0.803446654359823
46047,2005,0,4.53259949315326,2.00861663589956,1.20516998153973
46047,2006,0,4.8283137373023,2.00861663589956,1.60689330871965
46047,2007,0,4.83628190695148,2.00861663589956,2.00861663589956
46065,2003,0,6.13339804299665,2.80220820225204,0.560441640450409
46065,2004,0,6.12686918411419,2.80220820225204,1.12088328090082
46065,2005,0,6.16751649088834,2.80220820225204,1.68132492135123
46065,2006,0,6.13556489108174,2.80220820225204,2.24176656180163
46065,2007,0,6.10479323241498,2.80220820225204,2.80220820225204
46075,2003,0,3.49650756146648,0.176471143115779,0.0352942286231558
46075,2004,0,3.49650756146648,0.176471143115779,0.0705884572463116
46075,2005,0,3.25809653802148,0.176471143115779,0.105882685869467
46075,2006,0,2.94443897916644,0.176471143115779,0.141176914492623
46075,2007,0,3.17805383034795,0.176471143115779,0.176471143115779
46079,2003,0,5.45958551414416,2.42267657325187,0.484535314650373
46079,2004,0,5.31320597904179,2.42267657325187,0.969070629300746
46079,2005,0,5.4249500174814,2.42267657325187,1.45360594395112
46079,2006,0,5.30330490805908,2.42267657325187,1.93814125860149
46079,2007,0,5.32300997913841,2.42267657325187,2.42267657325187
46095,2003,0,2.39789527279837,0.733809162278835,0.146761832455767
46095,2004,0,2.70805020110221,0.733809162278835,0.293523664911534
46095,2005,0,2.83321334405622,0.733809162278835,0.440285497367301
46095,2006,0,2.94443897916644,0.733809162278835,0.587047329823068
46095,2007,0,3.36729582998647,0.733809162278835,0.733809162278835
46105,2003,0,4.04305126783455,1.21283343275813,0.242566686551626
46105,2004,0,4.02535169073515,1.21283343275813,0.485133373103253
46105,2005,0,4.20469261939097,1.21283343275813,0.727700059654879
46105,2006,0,4.17438726989564,1.21283343275813,0.970266746206506
46105,2007,0,4.07753744390572,1.21283343275813,1.21283343275813
46109,2003,0,5.14749447681345,2.30418381435774,0.460836762871549
46109,2004,0,5.15905529921453,2.30418381435774,0.921673525743097
46109,2005,0,5.24702407216049,2.30418381435774,1.38251028861465
46109,2006,0,5.21493575760899,2.30418381435774,1.84334705148619
46109,2007,0,5.12989871492307,2.30418381435774,2.30418381435774
46115,2003,0,4.81218435537242,2.00875080105707,0.401750160211413
46115,2004,0,4.91265488573605,2.00875080105707,0.803500320422827
46115,2005,0,5.02388052084628,2.00875080105707,1.20525048063424
46115,2006,0,5.08759633523238,2.00875080105707,1.60700064084565
46115,2007,0,5.05624580534831,2.00875080105707,2.00875080105707
46119,2003,0,2.83321334405622,0.4421184257562,0.08842368515124
46119,2004,0,2.99573227355399,0.4421184257562,0.17684737030248
46119,2005,0,2.70805020110221,0.4421184257562,0.26527105545372
46119,2006,0,2.99573227355399,0.4421184257562,0.35369474060496
46119,2007,0,2.89037175789616,0.4421184257562,0.4421184257562
46121,2003,0,3.49650756146648,2.20276475771183,0.440552951542367
46121,2004,0,3.76120011569356,2.20276475771183,0.881105903084734
46121,2005,0,3.46573590279973,2.20276475771183,1.3216588546271
46121,2006,0,3.58351893845611,2.20276475771183,1.76221180616947
46121,2007,0,3.17805383034795,2.20276475771183,2.20276475771183
47005,2003,0,5.06890420222023,2.80560029466806,0.561120058933612
47005,2004,0,4.95582705760126,2.80560029466806,1.12224011786722
47005,2005,0,4.99043258677874,2.80560029466806,1.68336017680084
47005,2006,0,5.00394630594546,2.80560029466806,2.24448023573445
47005,2007,0,4.9416424226093,2.80560029466806,2.80560029466806
47007,2003,0,3.97029191355212,2.51503163475992,0.503006326951984
47007,2004,0,3.85014760171006,2.51503163475992,1.00601265390397
47007,2005,0,4.07753744390572,2.51503163475992,1.50901898085595
47007,2006,0,3.93182563272433,2.51503163475992,2.01202530780794
47007,2007,0,4.15888308335967,2.51503163475992,2.51503163475992
47009,2003,0,6.94312242281943,4.66176788710248,0.932353577420496
47009,2004,0,7.00215595440362,4.66176788710248,1.86470715484099
47009,2005,0,7.06817200038804,4.66176788710248,2.79706073226149
47009,2006,0,7.12044437239249,4.66176788710248,3.72941430968199
47009,2007,0,7.09672137849476,4.66176788710248,4.66176788710248
47013,2003,0,5.53733426701854,3.68522277661039,0.737044555322078
47013,2004,0,5.54126354515843,3.68522277661039,1.47408911064416
47013,2005,0,5.68357976733868,3.68522277661039,2.21113366596624
47013,2006,0,5.61312810638807,3.68522277661039,2.94817822128831
47013,2007,0,5.65599181081985,3.68522277661039,3.68522277661039
47029,2003,0,5.36129216570943,3.51348385739071,0.702696771478143
47029,2004,0,5.23644196282995,3.51348385739071,1.40539354295629
47029,2005,0,5.34710753071747,3.51348385739071,2.10809031443443
47029,2006,0,5.32300997913841,3.51348385739071,2.81078708591257
47029,2007,0,5.4380793089232,3.51348385739071,3.51348385739071
47047,2003,0,5.06890420222023,3.36058369877686,0.672116739755372
47047,2004,0,5.07517381523383,3.36058369877686,1.34423347951074
47047,2005,0,5.14749447681345,3.36058369877686,2.01635021926611
47047,2006,0,5.40717177146012,3.36058369877686,2.68846695902149
47047,2007,0,5.48063892334199,3.36058369877686,3.36058369877686
47065,2003,0,8.57319538153152,5.72976206361515,1.14595241272303
47065,2004,0,8.60300384782935,5.72976206361515,2.29190482544606
47065,2005,0,8.63194942871443,5.72976206361515,3.43785723816909
47065,2006,0,8.5577591531629,5.72976206361515,4.58380965089212
47065,2007,0,8.56369502506766,5.72976206361515,5.72976206361515
47073,2003,0,6.12686918411419,3.98085853120358,0.796171706240715
47073,2004,0,6.00881318544259,3.98085853120358,1.59234341248143
47073,2005,0,5.93489419561959,3.98085853120358,2.38851511872215
47073,2006,0,6.04263283368238,3.98085853120358,3.18468682496286
47073,2007,0,5.93753620508243,3.98085853120358,3.98085853120358
47081,2003,0,4.98360662170834,3.10436243807944,0.620872487615888
47081,2004,0,4.85203026391962,3.10436243807944,1.24174497523178
47081,2005,0,4.8283137373023,3.10436243807944,1.86261746284766
47081,2006,0,4.89034912822175,3.10436243807944,2.48348995046355
47081,2007,0,5.01063529409626,3.10436243807944,3.10436243807944
47097,2003,0,4.7361984483945,3.29957062757386,0.659914125514771
47097,2004,0,4.72738781871234,3.29957062757386,1.31982825102954
47097,2005,0,4.52178857704904,3.29957062757386,1.97974237654431
47097,2006,0,4.78749174278205,3.29957062757386,2.63965650205909
47097,2007,0,4.88280192258637,3.29957062757386,3.29957062757386
47099,2003,0,5.89715386763674,3.68702774075046,0.737405548150092
47099,2004,0,5.91889385427315,3.68702774075046,1.47481109630018
47099,2005,0,5.96614673912369,3.68702774075046,2.21221664445028
47099,2006,0,5.96614673912369,3.68702774075046,2.94962219260037
47099,2007,0,6.05208916892442,3.68702774075046,3.68702774075046
47125,2003,0,7.31654817718298,4.90355478157301,0.980710956314602
47125,2004,0,7.33498187887181,4.90355478157301,1.9614219126292
47125,2005,0,7.38894609761844,4.90355478157301,2.9421328689438
47125,2006,0,7.42595365707754,4.90355478157301,3.92284382525841
47125,2007,0,7.51479976048867,4.90355478157301,4.90355478157301
47145,2003,0,6.02344759296103,3.94951144983914,0.789902289967828
47145,2004,0,6.10255859461357,3.94951144983914,1.57980457993566
47145,2005,0,6.19236248947487,3.94951144983914,2.36970686990348
47145,2006,0,6.07993319509559,3.94951144983914,3.15960915987131
47145,2007,0,6.04973345523196,3.94951144983914,3.94951144983914
47157,2003,0,9.48607637340956,6.79958192210419,1.35991638442084
47157,2004,0,9.44770236052795,6.79958192210419,2.71983276884167
47157,2005,0,9.40640045488065,6.79958192210419,4.07974915326251
47157,2006,0,9.47031717333574,6.79958192210419,5.43966553768335
47157,2007,0,9.52493210973482,6.79958192210419,6.79958192210419
47171,2003,0,4.99721227376411,2.87169849263054,0.574339698526109
47171,2004,0,4.69134788222914,2.87169849263054,1.14867939705222
47171,2005,0,4.85981240436167,2.87169849263054,1.72301909557833
47171,2006,0,4.89034912822175,2.87169849263054,2.29735879410443
47171,2007,0,4.85981240436167,2.87169849263054,2.87169849263054
47173,2003,0,4.51085950651685,2.87964779453319,0.575929558906638
47173,2004,0,4.34380542185368,2.87964779453319,1.15185911781328
47173,2005,0,4.33073334028633,2.87964779453319,1.72778867671991
47173,2006,0,4.63472898822964,2.87964779453319,2.30371823562655
47173,2007,0,4.45434729625351,2.87964779453319,2.87964779453319
48015,2003,0,5.73979291217923,3.16082289341958,0.632164578683917
48015,2004,0,5.8664680569333,3.16082289341958,1.26432915736783
48015,2005,0,5.8664680569333,3.16082289341958,1.89649373605175
48015,2006,0,5.89989735358249,3.16082289341958,2.52865831473567
48015,2007,0,5.99893656194668,3.16082289341958,3.16082289341958
48019,2003,0,4.75359019110636,2.87045245712723,0.574090491425447
48019,2004,0,4.67282883446191,2.87045245712723,1.14818098285089
48019,2005,0,4.83628190695148,2.87045245712723,1.72227147427634
48019,2006,0,4.79579054559674,2.87045245712723,2.29636196570179
48019,2007,0,4.79579054559674,2.87045245712723,2.87045245712723
48025,2003,0,5.22035582507832,3.47689218936423,0.695378437872845
48025,2004,0,5.24174701505964,3.47689218936423,1.39075687574569
48025,2005,0,5.19295685089021,3.47689218936423,2.08613531361854
48025,2006,0,5.36597601502185,3.47689218936423,2.78151375149138
48025,2007,0,5.33271879326537,3.47689218936423,3.47689218936423
48031,2003,0,4.57471097850338,2.13037227034838,0.426074454069676
48031,2004,0,4.60517018598809,2.13037227034838,0.852148908139352
48031,2005,0,4.4188406077966,2.13037227034838,1.27822336220903
48031,2006,0,4.45434729625351,2.13037227034838,1.7042978162787
48031,2007,0,4.59511985013459,2.13037227034838,2.13037227034838
48043,2003,0,4.83628190695148,2.18222373632286,0.436444747264572
48043,2004,0,4.89034912822175,2.18222373632286,0.872889494529145
48043,2005,0,5.16478597392351,2.18222373632286,1.30933424179372
48043,2006,0,5.32787616878958,2.18222373632286,1.74577898905829
48043,2007,0,5.4971682252932,2.18222373632286,2.18222373632286
48055,2003,0,5.35185813347607,3.47178009978404,0.694356019956808
48055,2004,0,5.4971682252932,3.47178009978404,1.38871203991362
48055,2005,0,5.37989735354046,3.47178009978404,2.08306805987042
48055,2006,0,5.44673737166631,3.47178009978404,2.77742407982723
48055,2007,0,5.43372200355424,3.47178009978404,3.47178009978404
48061,2003,0,7.84149292446001,5.81480791429005,1.16296158285801
48061,2004,0,7.8164169836918,5.81480791429005,2.32592316571602
48061,2005,0,7.74240202181578,5.81480791429005,3.48888474857403
48061,2006,0,7.81843027207066,5.81480791429005,4.65184633143204
48061,2007,0,7.92768504561578,5.81480791429005,5.81480791429005
48073,2003,0,6.35262939631957,3.84286583473053,0.768573166946107
48073,2004,0,6.07764224334903,3.84286583473053,1.53714633389221
48073,2005,0,6.19440539110467,3.84286583473053,2.30571950083832
48073,2006,0,6.21060007702465,3.84286583473053,3.07429266778443
48073,2007,0,6.22653666928747,3.84286583473053,3.84286583473053
48077,2003,0,4.34380542185368,2.39844057863757,0.479688115727513
48077,2004,0,4.11087386417331,2.39844057863757,0.959376231455027
48077,2005,0,4.15888308335967,2.39844057863757,1.43906434718254
48077,2006,0,3.91202300542815,2.39844057863757,1.91875246291005
48077,2007,0,3.80666248977032,2.39844057863757,2.39844057863757
48113,2003,0,10.4426965306939,7.70476640589851,1.5409532811797
48113,2004,0,10.3391261606518,7.70476640589851,3.0819065623594
48113,2005,0,10.3371189079706,7.70476640589851,4.62285984353911
48113,2006,0,10.3784787232929,7.70476640589851,6.16381312471881
48113,2007,0,10.4352622050525,7.70476640589851,7.70476640589851
48117,2003,0,5.4249500174814,2.92106260521696,0.584212521043392
48117,2004,0,5.28320372873799,2.92106260521696,1.16842504208678
48117,2005,0,5.26785815906333,2.92106260521696,1.75263756313018
48117,2006,0,5.46383180502561,2.92106260521696,2.33685008417357
48117,2007,0,5.4971682252932,2.92106260521696,2.92106260521696
48121,2003,0,8.62353322718756,6.07068229921461,1.21413645984292
48121,2004,0,8.63034328934889,6.07068229921461,2.42827291968584
48121,2005,0,8.68253812400308,6.07068229921461,3.64240937952877
48121,2006,0,8.75731184693641,6.07068229921461,4.85654583937169
48121,2007,0,8.80956425335415,6.07068229921461,6.07068229921461
48151,2003,0,2.94443897916644,1.46879558263163,0.293759116526327
48151,2004,0,2.99573227355399,1.46879558263163,0.587518233052654
48151,2005,0,2.56494935746154,1.46879558263163,0.881277349578981
48151,2006,0,2.99573227355399,1.46879558263163,1.17503646610531
48151,2007,0,2.484906649788,1.46879558263163,1.46879558263163
48173,2003,0,2.39789527279837,0.340748793388473,0.0681497586776946
48173,2004,0,1.79175946922805,0.340748793388473,0.136299517355389
48173,2005,0,1.94591014905531,0.340748793388473,0.204449276033084
48173,2006,0,2.07944154167984,0.340748793388473,0.272599034710778
48173,2007,0,1.38629436111989,0.340748793388473,0.340748793388473
48213,2003,0,6.57088296233958,4.29424678066323,0.858849356132646
48213,2004,0,6.47389069635227,4.29424678066323,1.71769871226529
48213,2005,0,6.39692965521615,4.29424678066323,2.57654806839794
48213,2006,0,6.49526555593701,4.29424678066323,3.43539742453058
48213,2007,0,6.46458830368996,4.29424678066323,4.29424678066323
48221,2003,0,6.2363695902037,3.71600812150219,0.743201624300438
48221,2004,0,6.13772705408623,3.71600812150219,1.48640324860088
48221,2005,0,6.05678401322862,3.71600812150219,2.22960487290131
48221,2006,0,6.25382881157547,3.71600812150219,2.97280649720175
48221,2007,0,6.36302810354046,3.71600812150219,3.71600812150219
48223,2003,0,5.95583736946483,3.46448512089807,0.692897024179615
48223,2004,0,5.91889385427315,3.46448512089807,1.38579404835923
48223,2005,0,5.85793315448346,3.46448512089807,2.07869107253884
48223,2006,0,5.95064255258773,3.46448512089807,2.77158809671846
48223,2007,0,5.90536184805457,3.46448512089807,3.46448512089807
48245,2003,0,8.01763715990848,5.52963144798754,1.10592628959751
48245,2004,0,7.92334821193015,5.52963144798754,2.21185257919502
48245,2005,0,8.09162741160107,5.52963144798754,3.31777886879253
48245,2006,0,8.18618599422608,5.52963144798754,4.42370515839003
48245,2007,0,8.17301131172497,5.52963144798754,5.52963144798754
48249,2003,0,5.62040086571715,3.67188587773737,0.734377175547473
48249,2004,0,5.76205138278018,3.67188587773737,1.46875435109495
48249,2005,0,5.73979291217923,3.67188587773737,2.20313152664242
48249,2006,0,5.78689738136671,3.67188587773737,2.93750870218989
48249,2007,0,5.86929691313377,3.67188587773737,3.67188587773737
48271,2003,0,2.63905732961526,1.21757980773215,0.243515961546431
48271,2004,0,1.6094379124341,1.21757980773215,0.487031923092861
48271,2005,0,1.6094379124341,1.21757980773215,0.730547884639292
48271,2006,0,2.19722457733622,1.21757980773215,0.974063846185722
48271,2007,0,2.30258509299405,1.21757980773215,1.21757980773215
48277,2003,0,6.32256523992728,3.88154317917417,0.776308635834834
48277,2004,0,6.24027584517077,3.88154317917417,1.55261727166967
48277,2005,0,6.15060276844628,3.88154317917417,2.3289259075045
48277,2006,0,6.37672694789863,3.88154317917417,3.10523454333934
48277,2007,0,6.45676965557216,3.88154317917417,3.88154317917417
48291,2003,0,6.26530121273771,4.25069282559285,0.850138565118569
48291,2004,0,6.24610676548156,4.25069282559285,1.70027713023714
48291,2005,0,6.19644412779452,4.25069282559285,2.55041569535571
48291,2006,0,6.27664348934164,4.25069282559285,3.40055426047428
48291,2007,0,6.289715570909,4.25069282559285,4.25069282559285
48295,2003,0,3.58351893845611,1.1174340429087,0.223486808581739
48295,2004,0,3.91202300542815,1.1174340429087,0.446973617163479
48295,2005,0,4.04305126783455,1.1174340429087,0.670460425745219
48295,2006,0,3.98898404656427,1.1174340429087,0.893947234326958
48295,2007,0,4.20469261939097,1.1174340429087,1.1174340429087
48305,2003,0,3.78418963391826,1.87946504964716,0.375893009929432
48305,2004,0,3.71357206670431,1.87946504964716,0.751786019858864
48305,2005,0,3.80666248977032,1.87946504964716,1.1276790297883
48305,2006,0,3.87120101090789,1.87946504964716,1.50357203971773
48305,2007,0,2.99573227355399,1.87946504964716,1.87946504964716
48317,2003,0,2.56494935746154,1.55730215801357,0.311460431602714
48317,2004,0,1.09861228866811,1.55730215801357,0.622920863205429
48317,2005,0,2.07944154167984,1.55730215801357,0.934381294808143
48317,2006,0,1.38629436111989,1.55730215801357,1.24584172641086
48317,2007,0,1.94591014905531,1.55730215801357,1.55730215801357
48323,2003,0,5.78996017089725,3.85644686853929,0.771289373707859
48323,2004,0,5.4553211153577,3.85644686853929,1.54257874741572
48323,2005,0,5.50125821054473,3.85644686853929,2.31386812112358
48323,2006,0,5.71702770140622,3.85644686853929,3.08515749483144
48323,2007,0,5.91620206260743,3.85644686853929,3.85644686853929
48341,2003,0,5.74939298590825,3.00176404578571,0.600352809157142
48341,2004,0,5.59471137960184,3.00176404578571,1.20070561831428
48341,2005,0,5.58724865840025,3.00176404578571,1.80105842747143
48341,2006,0,5.6937321388027,3.00176404578571,2.40141123662857
48341,2007,0,5.6970934865054,3.00176404578571,3.00176404578571
48351,2003,0,3.3322045101752,2.71283871783401,0.542567743566801
48351,2004,0,3.46573590279973,2.71283871783401,1.0851354871336
48351,2005,0,3.80666248977032,2.71283871783401,1.6277032307004
48351,2006,0,3.61091791264422,2.71283871783401,2.17027097426721
48351,2007,0,3.8286413964891,2.71283871783401,2.71283871783401
48357,2003,0,5.30330490805908,2.19789102187938,0.439578204375876
48357,2004,0,5.23644196282995,2.19789102187938,0.879156408751752
48357,2005,0,5.18178355029209,2.19789102187938,1.31873461312763
48357,2006,0,5.25227342804663,2.19789102187938,1.7583128175035
48357,2007,0,5.25749537202778,2.19789102187938,2.19789102187938
48363,2003,0,5.61312810638807,3.29679936561589,0.659359873123179
48363,2004,0,5.62762111369064,3.29679936561589,1.31871974624636
48363,2005,0,5.67332326717149,3.29679936561589,1.97807961936954
48363,2006,0,5.78689738136671,3.29679936561589,2.63743949249272
48363,2007,0,5.78996017089725,3.29679936561589,3.29679936561589
48369,2003,0,4.76217393479776,2.30418381435774,0.460836762871549
48369,2004,0,4.88280192258637,2.30418381435774,0.921673525743097
48369,2005,0,4.87519732320115,2.30418381435774,1.38251028861465
48369,2006,0,4.77912349311153,2.30418381435774,1.84334705148619
48369,2007,0,4.79579054559674,2.30418381435774,2.30418381435774
48383,2003,0,3.43398720448515,1.20177038077074,0.240354076154147
48383,2004,0,3.61091791264422,1.20177038077074,0.480708152308294
48383,2005,0,3.29583686600433,1.20177038077074,0.721062228462442
48383,2006,0,3.61091791264422,1.20177038077074,0.961416304616589
48383,2007,0,3.76120011569356,1.20177038077074,1.20177038077074
48385,2003,0,3.09104245335832,1.11415750000357,0.222831500000714
48385,2004,0,2.70805020110221,1.11415750000357,0.445663000001429
48385,2005,0,2.39789527279837,1.11415750000357,0.668494500002143
48385,2006,0,2.70805020110221,1.11415750000357,0.891326000002858
48385,2007,0,2.94443897916644,1.11415750000357,1.11415750000357
48397,2003,0,6.55535689181067,3.76305885228819,0.752611770457637
48397,2004,0,6.6052979209482,3.76305885228819,1.50522354091527
48397,2005,0,6.68835471394676,3.76305885228819,2.25783531137291
48397,2006,0,6.78332520060396,3.76305885228819,3.01044708183055
48397,2007,0,6.93828448401696,3.76305885228819,3.76305885228819
48399,2003,0,4.86753445045558,2.44191215821514,0.488382431643029
48399,2004,0,4.75359019110636,2.44191215821514,0.976764863286058
48399,2005,0,4.65396035015752,2.44191215821514,1.46514729492909
48399,2006,0,4.62497281328427,2.44191215821514,1.95352972657212
48399,2007,0,4.62497281328427,2.44191215821514,2.44191215821514
48409,2003,0,6.12249280951439,4.20675020260656,0.841350040521313
48409,2004,0,6.13988455222626,4.20675020260656,1.68270008104263
48409,2005,0,6.19644412779452,4.20675020260656,2.52405012156394
48409,2006,0,6.30627528694802,4.20675020260656,3.36540016208525
48409,2007,0,6.38856140554563,4.20675020260656,4.20675020260656
48415,2003,0,5.19849703126583,2.79490045400094,0.558980090800188
48415,2004,0,5.03043792139244,2.79490045400094,1.11796018160038
48415,2005,0,4.969813299576,2.79490045400094,1.67694027240056
48415,2006,0,5.07517381523383,2.79490045400094,2.23592036320075
48415,2007,0,5.19849703126583,2.79490045400094,2.79490045400094
48417,2003,0,3.58351893845611,1.19452834549794,0.238905669099587
48417,2004,0,3.55534806148941,1.19452834549794,0.477811338199175
48417,2005,0,3.66356164612965,1.19452834549794,0.716717007298762
48417,2006,0,4.15888308335967,1.19452834549794,0.955622676398349
48417,2007,0,3.93182563272433,1.19452834549794,1.19452834549794
48447,2003,0,2.56494935746154,0.615185639090233,0.123037127818047
48447,2004,0,2.19722457733622,0.615185639090233,0.246074255636093
48447,2005,0,2.484906649788,0.615185639090233,0.36911138345414
48447,2006,0,2.484906649788,0.615185639090233,0.492148511272187
48447,2007,0,2.484906649788,0.615185639090233,0.615185639090233
48461,2003,0,2.77258872223978,1.22495121071113,0.244990242142226
48461,2004,0,2.30258509299405,1.22495121071113,0.489980484284451
48461,2005,0,2.77258872223978,1.22495121071113,0.734970726426677
48461,2006,0,2.83321334405622,1.22495121071113,0.979960968568902
48461,2007,0,2.56494935746154,1.22495121071113,1.22495121071113
48465,2003,0,6.01126717440416,3.80345735882137,0.760691471764274
48465,2004,0,5.82304589548302,3.80345735882137,1.52138294352855
48465,2005,0,5.78382518232974,3.80345735882137,2.28207441529282
48465,2006,0,5.80513496891649,3.80345735882137,3.0427658870571
48465,2007,0,5.92692602597041,3.80345735882137,3.80345735882137
48477,2003,0,6.32435896238131,3.41355405587153,0.682710811174305
48477,2004,0,6.32435896238131,3.41355405587153,1.36542162234861
48477,2005,0,6.23244801655052,3.41355405587153,2.04813243352292
48477,2006,0,6.22059017009974,3.41355405587153,2.73084324469722
48477,2007,0,6.39692965521615,3.41355405587153,3.41355405587153
48493,2003,0,5.55295958492162,3.47840530590039,0.695681061180078
48493,2004,0,5.50938833662798,3.47840530590039,1.39136212236016
48493,2005,0,5.46806014113513,3.47840530590039,2.08704318354023
48493,2006,0,5.73334127689775,3.47840530590039,2.78272424472031
48493,2007,0,5.69035945432406,3.47840530590039,3.47840530590039
48503,2003,0,5.48063892334199,2.88720006673053,0.577440013346106
48503,2004,0,5.4971682252932,2.88720006673053,1.15488002669221
48503,2005,0,5.51342874616498,2.88720006673053,1.73232004003832
48503,2006,0,5.54517744447956,2.88720006673053,2.30976005338442
48503,2007,0,5.51342874616498,2.88720006673053,2.88720006673053
48505,2003,0,3.87120101090789,2.49995945241429,0.499991890482859
48505,2004,0,4.12713438504509,2.49995945241429,0.999983780965717
48505,2005,0,4.26267987704132,2.49995945241429,1.49997567144858
48505,2006,0,4.39444915467244,2.49995945241429,1.99996756193143
48505,2007,0,4.33073334028633,2.49995945241429,2.49995945241429
48507,2003,0,3.40119738166216,2.45100509811232,0.490201019622464
48507,2004,0,3.43398720448515,2.45100509811232,0.980402039244928
48507,2005,0,3.3322045101752,2.45100509811232,1.47060305886739
48507,2006,0,3.40119738166216,2.45100509811232,1.96080407848986
48507,2007,0,3.55534806148941,2.45100509811232,2.45100509811232
49003,2003,0,6.84481547920826,3.7552522294782,0.751050445895639
49003,2004,0,6.79234442747081,3.7552522294782,1.50210089179128
49003,2005,0,6.79682371827486,3.7552522294782,2.25315133768692
49003,2006,0,6.82654522355659,3.7552522294782,3.00420178358256
49003,2007,0,6.93049476595163,3.7552522294782,3.7552522294782
49011,2003,0,8.52257866369258,5.47643844701387,1.09528768940277
49011,2004,0,8.49412925181769,5.47643844701387,2.19057537880555
49011,2005,0,8.51959031601596,5.47643844701387,3.28586306820832
49011,2006,0,8.59192953753026,5.47643844701387,4.3811507576111
49011,2007,0,8.6909784171879,5.47643844701387,5.47643844701387
49023,2003,0,5.29330482472449,2.10875759601389,0.421751519202778
49023,2004,0,5.22035582507832,2.10875759601389,0.843503038405556
49023,2005,0,5.27811465923052,2.10875759601389,1.26525455760833
49023,2006,0,5.46383180502561,2.10875759601389,1.68700607681111
49023,2007,0,5.48893772615669,2.10875759601389,2.10875759601389
49037,2003,0,5.01727983681492,2.66813057710097,0.533626115420193
49037,2004,0,5.12989871492307,2.66813057710097,1.06725223084039
49037,2005,0,5.07517381523383,2.66813057710097,1.60087834626058
49037,2006,0,5.23644196282995,2.66813057710097,2.13450446168077
49037,2007,0,5.01063529409626,2.66813057710097,2.66813057710097
49053,2003,0,7.84109976542212,4.50373528833274,0.900747057666547
49053,2004,0,7.82763954636642,4.50373528833274,1.80149411533309
49053,2005,0,7.92840602618053,4.50373528833274,2.70224117299964
49053,2006,0,8.06180227453835,4.50373528833274,3.60298823066619
49053,2007,0,8.08978917578932,4.50373528833274,4.50373528833274
51003,2003,0,7.08086789669078,4.37243074100043,0.874486148200087
51003,2004,0,7.12044437239249,4.37243074100043,1.74897229640017
51003,2005,0,7.06987412845857,4.37243074100043,2.62345844460026
51003,2006,0,7.18916773842032,4.37243074100043,3.49794459280035
51003,2007,0,7.27931883541462,4.37243074100043,4.37243074100043
51015,2003,0,6.46925031679577,4.18380432834825,0.83676086566965
51015,2004,0,6.39359075395063,4.18380432834825,1.6735217313393
51015,2005,0,6.46458830368996,4.18380432834825,2.51028259700895
51015,2006,0,6.49677499018586,4.18380432834825,3.3470434626786
51015,2007,0,6.48463523563525,4.18380432834825,4.18380432834825
51017,2003,0,2.89037175789616,1.61899212523891,0.323798425047782
51017,2004,0,2.39789527279837,1.61899212523891,0.647596850095565
51017,2005,0,2.77258872223978,1.61899212523891,0.971395275143347
51017,2006,0,2.56494935746154,1.61899212523891,1.29519370019113
51017,2007,0,2.30258509299405,1.61899212523891,1.61899212523891
51019,2003,0,5.80513496891649,4.10050885718995,0.820101771437989
51019,2004,0,5.82304589548302,4.10050885718995,1.64020354287598
51019,2005,0,5.89715386763674,4.10050885718995,2.46030531431397
51019,2006,0,5.94542060860658,4.10050885718995,3.28040708575196
51019,2007,0,5.88332238848828,4.10050885718995,4.10050885718995
51023,2003,0,5.56452040732269,3.41759552747179,0.683519105494358
51023,2004,0,5.50938833662798,3.41759552747179,1.36703821098872
51023,2005,0,5.65599181081985,3.41759552747179,2.05055731648307
51023,2006,0,5.89440283426485,3.41759552747179,2.73407642197743
51023,2007,0,5.98393628068719,3.41759552747179,3.41759552747179
51025,2003,0,4.64439089914137,2.91338274053697,0.582676548107393
51025,2004,0,4.54329478227,2.91338274053697,1.16535309621479
51025,2005,0,4.56434819146784,2.91338274053697,1.74802964432218
51025,2006,0,4.54329478227,2.91338274053697,2.33070619242957
51025,2007,0,4.61512051684126,2.91338274053697,2.91338274053697
51041,2003,0,8.49801037199946,5.56030848448194,1.11206169689639
51041,2004,0,8.50875771259514,5.56030848448194,2.22412339379278
51041,2005,0,8.53129331579502,5.56030848448194,3.33618509068916
51041,2006,0,8.57395152523485,5.56030848448194,4.44824678758555
51041,2007,0,8.56254889313703,5.56030848448194,5.56030848448194
51047,2003,0,6.04500531403601,3.53403686830827,0.706807373661653
51047,2004,0,6.13772705408623,3.53403686830827,1.41361474732331
51047,2005,0,6.1779441140506,3.53403686830827,2.12042212098496
51047,2006,0,6.24027584517077,3.53403686830827,2.82722949464661
51047,2007,0,6.28226674689601,3.53403686830827,3.53403686830827
51053,2003,0,5.45958551414416,3.2000191500179,0.640003830003579
51053,2004,0,5.4249500174814,3.2000191500179,1.28000766000716
51053,2005,0,5.26269018890489,3.2000191500179,1.92001149001074
51053,2006,0,5.39816270151775,3.2000191500179,2.56001532001432
51053,2007,0,5.46806014113513,3.2000191500179,3.2000191500179
51059,2003,0,9.39499254410842,6.87703727512594,1.37540745502519
51059,2004,0,9.38681151509196,6.87703727512594,2.75081491005038
51059,2005,0,9.45297277587424,6.87703727512594,4.12622236507556
51059,2006,0,9.4922055591064,6.87703727512594,5.50162982010075
51059,2007,0,9.4753933263676,6.87703727512594,6.87703727512594
51061,2003,0,6.71174039505618,4.0098572697765,0.8019714539553
51061,2004,0,6.77078942390898,4.0098572697765,1.6039429079106
51061,2005,0,6.74758652682932,4.0098572697765,2.4059143618659
51061,2006,0,6.76041469108343,4.0098572697765,3.2078858158212
51061,2007,0,6.86693328446188,4.0098572697765,4.0098572697765
51077,2003,0,4.06044301054642,2.88574998281776,0.577149996563552
51077,2004,0,4.26267987704132,2.88574998281776,1.1542999931271
51077,2005,0,4.07753744390572,2.88574998281776,1.73144998969066
51077,2006,0,4.26267987704132,2.88574998281776,2.30859998625421
51077,2007,0,4.14313472639153,2.88574998281776,2.88574998281776
51079,2003,0,5.30826769740121,2.72418598301161,0.544837196602323
51079,2004,0,4.90527477843843,2.72418598301161,1.08967439320465
51079,2005,0,4.8283137373023,2.72418598301161,1.63451158980697
51079,2006,0,4.78749174278205,2.72418598301161,2.17934878640929
51079,2007,0,4.70953020131233,2.72418598301161,2.72418598301161
51089,2003,0,6.15909538849193,4.05923538510853,0.811847077021707
51089,2004,0,5.96357934361845,4.05923538510853,1.62369415404341
51089,2005,0,6.06610809010375,4.05923538510853,2.43554123106512
51089,2006,0,5.98141421125448,4.05923538510853,3.24738830808683
51089,2007,0,6.0591231955818,4.05923538510853,4.05923538510853
51109,2003,0,5.45958551414416,3.24364648319341,0.648729296638683
51109,2004,0,5.40267738187228,3.24364648319341,1.29745859327737
51109,2005,0,5.55682806169954,3.24364648319341,1.94618788991605
51109,2006,0,5.52942908751142,3.24364648319341,2.59491718655473
51109,2007,0,5.71042701737487,3.24364648319341,3.24364648319341
51111,2003,0,4.39444915467244,2.57611752984138,0.515223505968277
51111,2004,0,4.35670882668959,2.57611752984138,1.03044701193655
51111,2005,0,4.38202663467388,2.57611752984138,1.54567051790483
51111,2006,0,4.38202663467388,2.57611752984138,2.06089402387311
51111,2007,0,4.20469261939097,2.57611752984138,2.57611752984138
51121,2003,0,6.96885037834195,4.4263903498904,0.88527806997808
51121,2004,0,6.89972310728487,4.4263903498904,1.77055613995616
51121,2005,0,6.95749737087695,4.4263903498904,2.65583420993424
51121,2006,0,7.0057890192535,4.4263903498904,3.54111227991232
51121,2007,0,7.05703698169789,4.4263903498904,4.4263903498904
51149,2003,0,5.97888576490112,3.49793079061946,0.699586158123893
51149,2004,0,5.8664680569333,3.49793079061946,1.39917231624779
51149,2005,0,5.78074351579233,3.49793079061946,2.09875847437168
51149,2006,0,5.71373280550937,3.49793079061946,2.79834463249557
51149,2007,0,5.73009978297357,3.49793079061946,3.49793079061946
51185,2003,0,6.21460809842219,3.79768901497121,0.759537802994242
51185,2004,0,6.02586597382531,3.79768901497121,1.51907560598848
51185,2005,0,6.19440539110467,3.79768901497121,2.27861340898273
51185,2006,0,6.26530121273771,3.79768901497121,3.03815121197697
51185,2007,0,6.14846829591765,3.79768901497121,3.79768901497121
51515,2003,0,5.07517381523383,1.84039089063979,0.368078178127958
51515,2004,0,5.11799381241676,1.84039089063979,0.736156356255917
51515,2005,0,5.03695260241363,1.84039089063979,1.10423453438388
51515,2006,0,5.20948615284142,1.84039089063979,1.47231271251183
51515,2007,0,5.21493575760899,1.84039089063979,1.84039089063979
51520,2003,0,6.10255859461357,2.85457185376498,0.570914370752995
51520,2004,0,6.16331480403464,2.85457185376498,1.14182874150599
51520,2005,0,6.20253551718792,2.85457185376498,1.71274311225899
51520,2006,0,6.22455842927536,2.85457185376498,2.28365748301198
51520,2007,0,6.289715570909,2.85457185376498,2.85457185376498
51630,2003,0,6.81892406527552,2.95901642061733,0.591803284123466
51630,2004,0,6.92067150424868,2.95901642061733,1.18360656824693
51630,2005,0,7.02197642307216,2.95901642061733,1.7754098523704
51630,2006,0,6.99301512293296,2.95901642061733,2.36721313649387
51630,2007,0,7.00306545878646,2.95901642061733,2.95901642061733
51650,2003,0,7.62657020629066,4.98659530183624,0.997319060367247
51650,2004,0,7.6275443904885,4.98659530183624,1.99463812073449
51650,2005,0,7.70616297019958,4.98659530183624,2.99195718110174
51650,2006,0,7.65207074611648,4.98659530183624,3.98927624146899
51650,2007,0,7.57814547241947,4.98659530183624,4.98659530183624
51660,2003,0,6.86380339145295,3.70051153834364,0.740102307668729
51660,2004,0,6.85118492749374,3.70051153834364,1.48020461533746
51660,2005,0,6.90975328164481,3.70051153834364,2.22030692300619
51660,2006,0,6.9555926083963,3.70051153834364,2.96040923067492
51660,2007,0,7.01571242048723,3.70051153834364,3.70051153834364
51680,2003,0,7.21744343169653,4.17851719155535,0.835703438311069
51680,2004,0,7.1785454837637,4.17851719155535,1.67140687662214
51680,2005,0,7.2211050981825,4.17851719155535,2.50711031493321
51680,2006,0,7.27031288607902,4.17851719155535,3.34281375324428
51680,2007,0,7.37713371283395,4.17851719155535,4.17851719155535
51700,2003,0,7.6685611080159,5.1937898371941,1.03875796743882
51700,2004,0,7.73236922228439,5.1937898371941,2.07751593487764
51700,2005,0,7.67229245562876,5.1937898371941,3.11627390231646
51700,2006,0,7.73061406606374,5.1937898371941,4.15503186975528
51700,2007,0,7.78113850984502,5.1937898371941,5.1937898371941
51710,2003,0,7.98309894071089,5.45704185625577,1.09140837125115
51710,2004,0,7.95962530509811,5.45704185625577,2.18281674250231
51710,2005,0,7.95331834656043,5.45704185625577,3.27422511375346
51710,2006,0,8.00869818298853,5.45704185625577,4.36563348500461
51710,2007,0,8.0149968943483,5.45704185625577,5.45704185625577
51735,2003,0,4.85981240436167,2.44806975973603,0.489613951947205
51735,2004,0,4.91998092582813,2.44806975973603,0.979227903894411
51735,2005,0,4.96284463025991,2.44806975973603,1.46884185584162
51735,2006,0,4.99721227376411,2.44806975973603,1.95845580778882
51735,2007,0,4.98360662170834,2.44806975973603,2.44806975973603
51770,2003,0,7.6685611080159,4.55293961038444,0.910587922076888
51770,2004,0,7.59438124255182,4.55293961038444,1.82117584415378
51770,2005,0,7.60837447438078,4.55293961038444,2.73176376623066
51770,2006,0,7.66152708135852,4.55293961038444,3.64235168830755
51770,2007,0,7.73543335249969,4.55293961038444,4.55293961038444
51790,2003,0,6.21260609575152,3.17190999558746,0.634381999117491
51790,2004,0,6.19236248947487,3.17190999558746,1.26876399823498
51790,2005,0,6.1779441140506,3.17190999558746,1.90314599735247
51790,2006,0,6.19847871649231,3.17190999558746,2.53752799646997
51790,2007,0,6.31173480915291,3.17190999558746,3.17190999558746
51800,2003,0,6.60800062529609,4.15382342987363,0.830764685974725
51800,2004,0,6.70441435496411,4.15382342987363,1.66152937194945
51800,2005,0,6.71659477352098,4.15382342987363,2.49229405792418
51800,2006,0,6.77992190747225,4.15382342987363,3.3230587438989
51800,2007,0,6.83195356556585,4.15382342987363,4.15382342987363
51830,2003,0,6.45833828334479,2.4847399692309,0.49694799384618
51830,2004,0,6.4281052726846,2.4847399692309,0.99389598769236
51830,2005,0,6.35437004079735,2.4847399692309,1.49084398153854
51830,2006,0,6.42648845745769,2.4847399692309,1.98779197538472
51830,2007,0,6.35610766069589,2.4847399692309,2.4847399692309
51840,2003,0,6.96508034560141,3.16061091673622,0.632122183347245
51840,2004,0,7.02908756414966,3.16061091673622,1.26424436669449
51840,2005,0,7.00669522683704,3.16061091673622,1.89636655004173
51840,2006,0,6.98933526597456,3.16061091673622,2.52848873338898
51840,2007,0,7.02286808608264,3.16061091673622,3.16061091673622
54005,2003,2007,5.04342511691925,3.24005006009961,0.648010012019921
54005,2004,2007,4.79579054559674,3.24005006009961,1.29602002403984
54005,2005,2007,4.72738781871234,3.24005006009961,1.94403003605976
54005,2006,2007,4.36944785246702,3.24005006009961,2.59204004807969
54005,2007,2007,4.4188406077966,3.24005006009961,3.24005006009961
54017,2003,2007,3.36729582998647,2.00188532346096,0.400377064692192
54017,2004,2007,3.17805383034795,2.00188532346096,0.800754129384385
54017,2005,2007,2.484906649788,2.00188532346096,1.20113119407658
54017,2006,2007,2.19722457733622,2.00188532346096,1.60150825876877
54017,2007,2007,2.07944154167984,2.00188532346096,2.00188532346096
54021,2003,2007,2.77258872223978,1.96850998097255,0.393701996194511
54021,2004,2007,2.94443897916644,1.96850998097255,0.787403992389022
54021,2005,2007,3.52636052461616,1.96850998097255,1.18110598858353
54021,2006,2007,3.46573590279973,1.96850998097255,1.57480798477804
54021,2007,2007,3.09104245335832,1.96850998097255,1.96850998097255
54027,2003,2007,4.89783979995091,3.00583110823141,0.601166221646281
54027,2004,2007,4.72738781871234,3.00583110823141,1.20233244329256
54027,2005,2007,4.80402104473326,3.00583110823141,1.80349866493884
54027,2006,2007,4.96284463025991,3.00583110823141,2.40466488658512
54027,2007,2007,4.85981240436167,3.00583110823141,3.00583110823141
54029,2003,2007,5.78382518232974,3.48636539403203,0.697273078806407
54029,2004,2007,5.73334127689775,3.48636539403203,1.39454615761281
54029,2005,2007,5.67332326717149,3.48636539403203,2.09181923641922
54029,2006,2007,5.65948221575962,3.48636539403203,2.78909231522563
54029,2007,2007,5.60947179518496,3.48636539403203,3.48636539403203
54037,2003,2007,6.17170059741091,3.74218322613625,0.74843664522725
54037,2004,2007,6.32435896238131,3.74218322613625,1.4968732904545
54037,2005,2007,6.36647044773144,3.74218322613625,2.24530993568175
54037,2006,2007,6.30444880242198,3.74218322613625,2.993746580909
54037,2007,2007,6.27852142416584,3.74218322613625,3.74218322613625
54047,2003,2007,4.07753744390572,3.30794840944252,0.661589681888505
54047,2004,2007,3.73766961828337,3.30794840944252,1.32317936377701
54047,2005,2007,3.80666248977032,3.30794840944252,1.98476904566552
54047,2006,2007,4.18965474202643,3.30794840944252,2.64635872755402
54047,2007,2007,4.06044301054642,3.30794840944252,3.30794840944252
54051,2003,2007,5.21493575760899,3.57006776457451,0.714013552914902
54051,2004,2007,5.18738580584075,3.57006776457451,1.4280271058298
54051,2005,2007,5.37527840768417,3.57006776457451,2.14204065874471
54051,2006,2007,5.33753807970132,3.57006776457451,2.85605421165961
54051,2007,2007,5.4249500174814,3.57006776457451,3.57006776457451
54085,2003,2007,3.71357206670431,2.33630996239567,0.467261992479133
54085,2004,2007,3.52636052461616,2.33630996239567,0.934523984958267
54085,2005,2007,3.66356164612965,2.33630996239567,1.4017859774374
54085,2006,2007,4.20469261939097,2.33630996239567,1.86904796991653
54085,2007,2007,4.26267987704132,2.33630996239567,2.33630996239567
54087,2003,2007,3.93182563272433,2.73735007014707,0.547470014029414
54087,2004,2007,3.8286413964891,2.73735007014707,1.09494002805883
54087,2005,2007,4.02535169073515,2.73735007014707,1.64241004208824
54087,2006,2007,4.14313472639153,2.73735007014707,2.18988005611766
54087,2007,2007,4.38202663467388,2.73735007014707,2.73735007014707
54099,2003,2007,5.23110861685459,3.75894175355891,0.751788350711782
54099,2004,2007,5.27811465923052,3.75894175355891,1.50357670142356
54099,2005,2007,5.15329159449778,3.75894175355891,2.25536505213534
54099,2006,2007,5.05624580534831,3.75894175355891,3.00715340284713
54099,2007,2007,5.14166355650266,3.75894175355891,3.75894175355891
55001,2003,2006,5.08140436498446,2.92547074051332,0.585094148102665
55001,2004,2006,4.7361984483945,2.92547074051332,1.17018829620533
55001,2005,2006,4.59511985013459,2.92547074051332,1.75528244430799
55001,2006,2006,4.8283137373023,2.92547074051332,2.34037659241066
55001,2007,2006,4.79579054559674,2.92547074051332,2.92547074051332
55051,2003,2006,4.76217393479776,1.92585320370875,0.385170640741751
55051,2004,2006,4.70048036579242,1.92585320370875,0.770341281483501
55051,2005,2006,4.64439089914137,1.92585320370875,1.15551192222525
55051,2006,2006,4.63472898822964,1.92585320370875,1.540682562967
55051,2007,2006,4.4188406077966,1.92585320370875,1.92585320370875
55059,2003,2006,8.00235954625271,5.00781131040515,1.00156226208103
55059,2004,2006,7.91644286012226,5.00781131040515,2.00312452416206
55059,2005,2006,7.95050243480885,5.00781131040515,3.00468678624309
55059,2006,2006,7.9208096792886,5.00781131040515,4.00624904832412
55059,2007,2006,7.91205688817901,5.00781131040515,5.00781131040515
55069,2003,2006,6.59578051396131,3.3891585380504,0.67783170761008
55069,2004,2006,6.55535689181067,3.3891585380504,1.35566341522016
55069,2005,2006,6.5366915975913,3.3891585380504,2.03349512283024
55069,2006,2006,6.4150969591716,3.3891585380504,2.71132683044032
55069,2007,2006,6.45204895443723,3.3891585380504,3.3891585380504
55081,2003,2006,6.65801104587075,3.7111056128721,0.74222112257442
55081,2004,2006,6.68710860786651,3.7111056128721,1.48444224514884
55081,2005,2006,6.62406522779989,3.7111056128721,2.22666336772326
55081,2006,2006,6.68210859744981,3.7111056128721,2.96888449029768
55081,2007,2006,6.71901315438526,3.7111056128721,3.7111056128721
55085,2003,2006,6.72503364216684,3.60484545850393,0.720969091700785
55085,2004,2006,6.59850902861452,3.60484545850393,1.44193818340157
55085,2005,2006,6.63463335786169,3.60484545850393,2.16290727510236
55085,2006,2006,6.58479139238572,3.60484545850393,2.88387636680314
55085,2007,2006,6.56526497003536,3.60484545850393,3.60484545850393
55103,2003,2006,5.6937321388027,2.8861405969239,0.577228119384779
55103,2004,2006,5.54907608489522,2.8861405969239,1.15445623876956
55103,2005,2006,5.48063892334199,2.8861405969239,1.73168435815434
55103,2006,2006,5.53338948872752,2.8861405969239,2.30891247753912
55103,2007,2006,5.55682806169954,2.8861405969239,2.8861405969239
55109,2003,2006,7.45760928971561,4.14559202222594,0.829118404445188
55109,2004,2006,7.37713371283395,4.14559202222594,1.65823680889038
55109,2005,2006,7.35755620091035,4.14559202222594,2.48735521333556
55109,2006,2006,7.35627987655075,4.14559202222594,3.31647361778075
55109,2007,2006,7.31121838441963,4.14559202222594,4.14559202222594
55123,2003,2006,6.04263283368238,3.33420251283788,0.666840502567575
55123,2004,2006,6.01859321449623,3.33420251283788,1.33368100513515
55123,2005,2006,5.91350300563827,3.33420251283788,2.00052150770273
55123,2006,2006,5.89440283426485,3.33420251283788,2.6673620102703
55123,2007,2006,5.91079664404053,3.33420251283788,3.33420251283788
55131,2003,2006,8.0870254706677,4.7663787573415,0.9532757514683
55131,2004,2006,8.0925452638913,4.7663787573415,1.9065515029366
55131,2005,2006,8.12118324207883,4.7663787573415,2.8598272544049
55131,2006,2006,8.07340296898641,4.7663787573415,3.8131030058732
55131,2007,2006,8.11820704940578,4.7663787573415,4.7663787573415
55137,2003,2006,5.95583736946483,3.14216755178354,0.628433510356707
55137,2004,2006,5.92425579741453,3.14216755178354,1.25686702071341
55137,2005,2006,5.9427993751267,3.14216755178354,1.88530053107012
55137,2006,2006,5.93753620508243,3.14216755178354,2.51373404142683
55137,2007,2006,5.96357934361845,3.14216755178354,3.14216755178354
